--
-- PostgreSQL database dump
--

\restrict k0szKfsenwWtXvxCjBSNhgbhUW7Q73kgxfP41G4uYg40N0MNziSlBGcgpzepSLm

-- Dumped from database version 16.11 (Ubuntu 16.11-0ubuntu0.24.04.1)
-- Dumped by pg_dump version 16.11 (Ubuntu 16.11-0ubuntu0.24.04.1)

SET statement_timeout = 0;
SET lock_timeout = 0;
SET idle_in_transaction_session_timeout = 0;
SET client_encoding = 'UTF8';
SET standard_conforming_strings = on;
SELECT pg_catalog.set_config('search_path', '', false);
SET check_function_bodies = false;
SET xmloption = content;
SET client_min_messages = warning;
SET row_security = off;

SET default_tablespace = '';

SET default_table_access_method = heap;

--
-- Name: auth_group; Type: TABLE; Schema: public; Owner: bidbar_user
--

CREATE TABLE public.auth_group (
    id integer NOT NULL,
    name character varying(150) NOT NULL
);


ALTER TABLE public.auth_group OWNER TO bidbar_user;

--
-- Name: auth_group_id_seq; Type: SEQUENCE; Schema: public; Owner: bidbar_user
--

ALTER TABLE public.auth_group ALTER COLUMN id ADD GENERATED BY DEFAULT AS IDENTITY (
    SEQUENCE NAME public.auth_group_id_seq
    START WITH 1
    INCREMENT BY 1
    NO MINVALUE
    NO MAXVALUE
    CACHE 1
);


--
-- Name: auth_group_permissions; Type: TABLE; Schema: public; Owner: bidbar_user
--

CREATE TABLE public.auth_group_permissions (
    id bigint NOT NULL,
    group_id integer NOT NULL,
    permission_id integer NOT NULL
);


ALTER TABLE public.auth_group_permissions OWNER TO bidbar_user;

--
-- Name: auth_group_permissions_id_seq; Type: SEQUENCE; Schema: public; Owner: bidbar_user
--

ALTER TABLE public.auth_group_permissions ALTER COLUMN id ADD GENERATED BY DEFAULT AS IDENTITY (
    SEQUENCE NAME public.auth_group_permissions_id_seq
    START WITH 1
    INCREMENT BY 1
    NO MINVALUE
    NO MAXVALUE
    CACHE 1
);


--
-- Name: auth_permission; Type: TABLE; Schema: public; Owner: bidbar_user
--

CREATE TABLE public.auth_permission (
    id integer NOT NULL,
    name character varying(255) NOT NULL,
    content_type_id integer NOT NULL,
    codename character varying(100) NOT NULL
);


ALTER TABLE public.auth_permission OWNER TO bidbar_user;

--
-- Name: auth_permission_id_seq; Type: SEQUENCE; Schema: public; Owner: bidbar_user
--

ALTER TABLE public.auth_permission ALTER COLUMN id ADD GENERATED BY DEFAULT AS IDENTITY (
    SEQUENCE NAME public.auth_permission_id_seq
    START WITH 1
    INCREMENT BY 1
    NO MINVALUE
    NO MAXVALUE
    CACHE 1
);


--
-- Name: auth_user; Type: TABLE; Schema: public; Owner: bidbar_user
--

CREATE TABLE public.auth_user (
    id integer NOT NULL,
    password character varying(128) NOT NULL,
    last_login timestamp with time zone,
    is_superuser boolean NOT NULL,
    username character varying(150) NOT NULL,
    first_name character varying(150) NOT NULL,
    last_name character varying(150) NOT NULL,
    email character varying(254) NOT NULL,
    is_staff boolean NOT NULL,
    is_active boolean NOT NULL,
    date_joined timestamp with time zone NOT NULL
);


ALTER TABLE public.auth_user OWNER TO bidbar_user;

--
-- Name: auth_user_groups; Type: TABLE; Schema: public; Owner: bidbar_user
--

CREATE TABLE public.auth_user_groups (
    id bigint NOT NULL,
    user_id integer NOT NULL,
    group_id integer NOT NULL
);


ALTER TABLE public.auth_user_groups OWNER TO bidbar_user;

--
-- Name: auth_user_groups_id_seq; Type: SEQUENCE; Schema: public; Owner: bidbar_user
--

ALTER TABLE public.auth_user_groups ALTER COLUMN id ADD GENERATED BY DEFAULT AS IDENTITY (
    SEQUENCE NAME public.auth_user_groups_id_seq
    START WITH 1
    INCREMENT BY 1
    NO MINVALUE
    NO MAXVALUE
    CACHE 1
);


--
-- Name: auth_user_id_seq; Type: SEQUENCE; Schema: public; Owner: bidbar_user
--

ALTER TABLE public.auth_user ALTER COLUMN id ADD GENERATED BY DEFAULT AS IDENTITY (
    SEQUENCE NAME public.auth_user_id_seq
    START WITH 1
    INCREMENT BY 1
    NO MINVALUE
    NO MAXVALUE
    CACHE 1
);


--
-- Name: auth_user_user_permissions; Type: TABLE; Schema: public; Owner: bidbar_user
--

CREATE TABLE public.auth_user_user_permissions (
    id bigint NOT NULL,
    user_id integer NOT NULL,
    permission_id integer NOT NULL
);


ALTER TABLE public.auth_user_user_permissions OWNER TO bidbar_user;

--
-- Name: auth_user_user_permissions_id_seq; Type: SEQUENCE; Schema: public; Owner: bidbar_user
--

ALTER TABLE public.auth_user_user_permissions ALTER COLUMN id ADD GENERATED BY DEFAULT AS IDENTITY (
    SEQUENCE NAME public.auth_user_user_permissions_id_seq
    START WITH 1
    INCREMENT BY 1
    NO MINVALUE
    NO MAXVALUE
    CACHE 1
);


--
-- Name: django_admin_log; Type: TABLE; Schema: public; Owner: bidbar_user
--

CREATE TABLE public.django_admin_log (
    id integer NOT NULL,
    action_time timestamp with time zone NOT NULL,
    object_id text,
    object_repr character varying(200) NOT NULL,
    action_flag smallint NOT NULL,
    change_message text NOT NULL,
    content_type_id integer,
    user_id integer NOT NULL,
    CONSTRAINT django_admin_log_action_flag_check CHECK ((action_flag >= 0))
);


ALTER TABLE public.django_admin_log OWNER TO bidbar_user;

--
-- Name: django_admin_log_id_seq; Type: SEQUENCE; Schema: public; Owner: bidbar_user
--

ALTER TABLE public.django_admin_log ALTER COLUMN id ADD GENERATED BY DEFAULT AS IDENTITY (
    SEQUENCE NAME public.django_admin_log_id_seq
    START WITH 1
    INCREMENT BY 1
    NO MINVALUE
    NO MAXVALUE
    CACHE 1
);


--
-- Name: django_content_type; Type: TABLE; Schema: public; Owner: bidbar_user
--

CREATE TABLE public.django_content_type (
    id integer NOT NULL,
    app_label character varying(100) NOT NULL,
    model character varying(100) NOT NULL
);


ALTER TABLE public.django_content_type OWNER TO bidbar_user;

--
-- Name: django_content_type_id_seq; Type: SEQUENCE; Schema: public; Owner: bidbar_user
--

ALTER TABLE public.django_content_type ALTER COLUMN id ADD GENERATED BY DEFAULT AS IDENTITY (
    SEQUENCE NAME public.django_content_type_id_seq
    START WITH 1
    INCREMENT BY 1
    NO MINVALUE
    NO MAXVALUE
    CACHE 1
);


--
-- Name: django_migrations; Type: TABLE; Schema: public; Owner: bidbar_user
--

CREATE TABLE public.django_migrations (
    id bigint NOT NULL,
    app character varying(255) NOT NULL,
    name character varying(255) NOT NULL,
    applied timestamp with time zone NOT NULL
);


ALTER TABLE public.django_migrations OWNER TO bidbar_user;

--
-- Name: django_migrations_id_seq; Type: SEQUENCE; Schema: public; Owner: bidbar_user
--

ALTER TABLE public.django_migrations ALTER COLUMN id ADD GENERATED BY DEFAULT AS IDENTITY (
    SEQUENCE NAME public.django_migrations_id_seq
    START WITH 1
    INCREMENT BY 1
    NO MINVALUE
    NO MAXVALUE
    CACHE 1
);


--
-- Name: django_session; Type: TABLE; Schema: public; Owner: bidbar_user
--

CREATE TABLE public.django_session (
    session_key character varying(40) NOT NULL,
    session_data text NOT NULL,
    expire_date timestamp with time zone NOT NULL
);


ALTER TABLE public.django_session OWNER TO bidbar_user;

--
-- Name: menu_category; Type: TABLE; Schema: public; Owner: bidbar_user
--

CREATE TABLE public.menu_category (
    id bigint NOT NULL,
    name character varying(100) NOT NULL,
    parent_id bigint,
    priority integer NOT NULL,
    category_image character varying(100),
    hide_side_image boolean NOT NULL,
    name_en character varying(100)
);


ALTER TABLE public.menu_category OWNER TO bidbar_user;

--
-- Name: menu_category_id_seq; Type: SEQUENCE; Schema: public; Owner: bidbar_user
--

ALTER TABLE public.menu_category ALTER COLUMN id ADD GENERATED BY DEFAULT AS IDENTITY (
    SEQUENCE NAME public.menu_category_id_seq
    START WITH 1
    INCREMENT BY 1
    NO MINVALUE
    NO MAXVALUE
    CACHE 1
);


--
-- Name: menu_menuitem; Type: TABLE; Schema: public; Owner: bidbar_user
--

CREATE TABLE public.menu_menuitem (
    id bigint NOT NULL,
    name character varying(100) NOT NULL,
    price character varying(50) NOT NULL,
    description text NOT NULL,
    notes text,
    is_available boolean NOT NULL,
    created_at timestamp with time zone NOT NULL,
    updated_at timestamp with time zone NOT NULL,
    category_id bigint,
    menu_image character varying(100),
    priority integer NOT NULL,
    name_en character varying(100)
);


ALTER TABLE public.menu_menuitem OWNER TO bidbar_user;

--
-- Name: menu_menuitem_id_seq; Type: SEQUENCE; Schema: public; Owner: bidbar_user
--

ALTER TABLE public.menu_menuitem ALTER COLUMN id ADD GENERATED BY DEFAULT AS IDENTITY (
    SEQUENCE NAME public.menu_menuitem_id_seq
    START WITH 1
    INCREMENT BY 1
    NO MINVALUE
    NO MAXVALUE
    CACHE 1
);


--
-- Name: menu_sitesettings; Type: TABLE; Schema: public; Owner: bidbar_user
--

CREATE TABLE public.menu_sitesettings (
    id bigint NOT NULL,
    intro_image character varying(100) NOT NULL,
    created_at timestamp with time zone NOT NULL,
    updated_at timestamp with time zone NOT NULL,
    intro_video character varying(100),
    menu_description_font character varying(100),
    menu_name_en_font character varying(100),
    menu_name_font character varying(100),
    menu_price_font character varying(100),
    menu_description_color character varying(7) NOT NULL,
    menu_name_color character varying(7) NOT NULL,
    menu_name_en_color character varying(7) NOT NULL,
    menu_price_color character varying(7) NOT NULL,
    side_image character varying(100),
    menu_description_size integer,
    menu_name_en_size integer,
    menu_name_size integer,
    menu_price_size integer,
    menu_description_bold boolean NOT NULL,
    menu_description_italic boolean NOT NULL,
    menu_name_bold boolean NOT NULL,
    menu_name_en_bold boolean NOT NULL,
    menu_name_en_italic boolean NOT NULL,
    menu_name_italic boolean NOT NULL,
    menu_price_bold boolean NOT NULL,
    menu_price_italic boolean NOT NULL,
    category_name_font character varying(100),
    category_name_color character varying(7) DEFAULT ''::character varying,
    category_name_size integer,
    category_name_bold boolean DEFAULT false,
    category_name_italic boolean DEFAULT false,
    category_name_en_font character varying(100),
    category_name_en_color character varying(7) DEFAULT ''::character varying,
    category_name_en_size integer,
    category_name_en_bold boolean DEFAULT false,
    category_name_en_italic boolean DEFAULT false
);


ALTER TABLE public.menu_sitesettings OWNER TO bidbar_user;

--
-- Name: menu_sitesettings_id_seq; Type: SEQUENCE; Schema: public; Owner: bidbar_user
--

ALTER TABLE public.menu_sitesettings ALTER COLUMN id ADD GENERATED BY DEFAULT AS IDENTITY (
    SEQUENCE NAME public.menu_sitesettings_id_seq
    START WITH 1
    INCREMENT BY 1
    NO MINVALUE
    NO MAXVALUE
    CACHE 1
);


--
-- Data for Name: auth_group; Type: TABLE DATA; Schema: public; Owner: bidbar_user
--

COPY public.auth_group (id, name) FROM stdin;
\.


--
-- Data for Name: auth_group_permissions; Type: TABLE DATA; Schema: public; Owner: bidbar_user
--

COPY public.auth_group_permissions (id, group_id, permission_id) FROM stdin;
\.


--
-- Data for Name: auth_permission; Type: TABLE DATA; Schema: public; Owner: bidbar_user
--

COPY public.auth_permission (id, name, content_type_id, codename) FROM stdin;
1	Can add 메뉴 카테고리	1	add_category
2	Can change 메뉴 카테고리	1	change_category
3	Can delete 메뉴 카테고리	1	delete_category
4	Can view 메뉴 카테고리	1	view_category
5	Can add 메뉴 항목	2	add_menuitem
6	Can change 메뉴 항목	2	change_menuitem
7	Can delete 메뉴 항목	2	delete_menuitem
8	Can view 메뉴 항목	2	view_menuitem
9	Can add 사이트 설정	3	add_sitesettings
10	Can change 사이트 설정	3	change_sitesettings
11	Can delete 사이트 설정	3	delete_sitesettings
12	Can view 사이트 설정	3	view_sitesettings
13	Can add log entry	4	add_logentry
14	Can change log entry	4	change_logentry
15	Can delete log entry	4	delete_logentry
16	Can view log entry	4	view_logentry
17	Can add permission	5	add_permission
18	Can change permission	5	change_permission
19	Can delete permission	5	delete_permission
20	Can view permission	5	view_permission
21	Can add group	6	add_group
22	Can change group	6	change_group
23	Can delete group	6	delete_group
24	Can view group	6	view_group
25	Can add user	7	add_user
26	Can change user	7	change_user
27	Can delete user	7	delete_user
28	Can view user	7	view_user
29	Can add content type	8	add_contenttype
30	Can change content type	8	change_contenttype
31	Can delete content type	8	delete_contenttype
32	Can view content type	8	view_contenttype
33	Can add session	9	add_session
34	Can change session	9	change_session
35	Can delete session	9	delete_session
36	Can view session	9	view_session
\.


--
-- Data for Name: auth_user; Type: TABLE DATA; Schema: public; Owner: bidbar_user
--

COPY public.auth_user (id, password, last_login, is_superuser, username, first_name, last_name, email, is_staff, is_active, date_joined) FROM stdin;
1	pbkdf2_sha256$1000000$6cNKr1MY6RgGc3WduIUimv$wPEUijO97pxXQXc2LCdyAgI2kiZ4VKKAAPwLM5eZ8h8=	2026-01-04 13:27:42.157496+09	t	admin			admin@example.com	t	t	2025-11-19 15:48:40.546+09
\.


--
-- Data for Name: auth_user_groups; Type: TABLE DATA; Schema: public; Owner: bidbar_user
--

COPY public.auth_user_groups (id, user_id, group_id) FROM stdin;
\.


--
-- Data for Name: auth_user_user_permissions; Type: TABLE DATA; Schema: public; Owner: bidbar_user
--

COPY public.auth_user_user_permissions (id, user_id, permission_id) FROM stdin;
\.


--
-- Data for Name: django_admin_log; Type: TABLE DATA; Schema: public; Owner: bidbar_user
--

COPY public.django_admin_log (id, action_time, object_id, object_repr, action_flag, change_message, content_type_id, user_id) FROM stdin;
1	2025-11-19 15:52:57.488+09	1	사이트 설정 - 2025-11-17	2	[]	3	1
2	2025-11-19 17:49:10.844+09	13	위스키 > 위스키상단이미지	1	[{"added": {}}]	1	1
3	2025-11-19 17:56:47.252+09	14	칵테일 > 칵테일상단이미지	1	[{"added": {}}]	1	1
4	2025-11-20 16:00:02.573+09	39	메뉴테스트1	2	[{"changed": {"fields": ["\\uba54\\ub274\\uba85(\\uc601\\ubb38)"]}}]	2	1
5	2025-11-20 16:00:07.472+09	43	메뉴테스트2	2	[{"changed": {"fields": ["\\uba54\\ub274\\uba85(\\uc601\\ubb38)"]}}]	2	1
6	2025-11-20 16:00:12.177+09	44	메뉴테스트3	2	[{"changed": {"fields": ["\\uba54\\ub274\\uba85(\\uc601\\ubb38)"]}}]	2	1
7	2025-11-20 16:00:18.045+09	45	메뉴테스트4	2	[{"changed": {"fields": ["\\uba54\\ub274\\uba85(\\uc601\\ubb38)"]}}]	2	1
8	2025-11-20 16:11:00.251+09	1	사이트 설정 - 2025-11-17	2	[]	3	1
9	2025-11-20 19:11:43.755102+09	1	사이트 설정 - 2025-11-17	2	[{"changed": {"fields": ["\\uc778\\ud2b8\\ub85c \\uc774\\ubbf8\\uc9c0", "\\uc778\\ud2b8\\ub85c \\ube44\\ub514\\uc624"]}}]	3	1
10	2025-11-20 19:14:22.671583+09	4	Food식사 메뉴	2	[{"changed": {"fields": ["\\uce74\\ud14c\\uace0\\ub9ac\\uba85"]}}]	1	1
11	2025-11-20 19:14:30.587131+09	4	Food 식사 메뉴	2	[{"changed": {"fields": ["\\uce74\\ud14c\\uace0\\ub9ac\\uba85"]}}]	1	1
12	2025-11-20 19:14:52.772627+09	1	Cocktails 칵테일	2	[{"changed": {"fields": ["\\uce74\\ud14c\\uace0\\ub9ac\\uba85"]}}]	1	1
13	2025-11-20 19:15:15.742729+09	5	Whiskeys 위스키	2	[{"changed": {"fields": ["\\uce74\\ud14c\\uace0\\ub9ac\\uba85"]}}]	1	1
14	2025-11-20 19:16:17.371768+09	3	Tequila/ Mezcal  데킬라 / 메즈칼	2	[{"changed": {"fields": ["\\uce74\\ud14c\\uace0\\ub9ac\\uba85"]}}]	1	1
15	2025-11-20 19:16:28.273174+09	6	Rum / Gin  럼 / 진	2	[{"changed": {"fields": ["\\uce74\\ud14c\\uace0\\ub9ac\\uba85"]}}]	1	1
16	2025-11-20 19:18:13.552304+09	15	위스키상단이미지 > Europe 유럽	1	[{"added": {}}]	1	1
17	2025-11-20 19:19:39.561554+09	10	Whiskeys 위스키 > Scotch 스카치	2	[{"changed": {"fields": ["\\uce74\\ud14c\\uace0\\ub9ac\\uba85"]}}]	1	1
18	2025-11-20 19:19:48.193071+09	10	Whiskeys 위스키 > Scotch 스코틀랜드	2	[{"changed": {"fields": ["\\uce74\\ud14c\\uace0\\ub9ac\\uba85"]}}]	1	1
19	2025-11-20 19:19:55.429672+09	11	Whiskeys 위스키 > American 미국	2	[{"changed": {"fields": ["\\uce74\\ud14c\\uace0\\ub9ac\\uba85"]}}]	1	1
20	2025-11-20 19:20:01.790906+09	12	Whiskeys 위스키 > Irish 아일랜드	2	[{"changed": {"fields": ["\\uce74\\ud14c\\uace0\\ub9ac\\uba85"]}}]	1	1
21	2025-11-20 19:20:37.64978+09	15	Whiskeys 위스키 > Europe 유럽	2	[{"changed": {"fields": ["\\ubd80\\ubaa8 \\uce74\\ud14c\\uace0\\ub9ac"]}}]	1	1
22	2025-11-20 20:48:08.295479+09	49	화양연화	1	[{"added": {}}]	2	1
23	2025-11-20 20:50:43.634834+09	50	비터칵테일 상단 메뉴명	1	[{"added": {}}]	2	1
24	2025-11-20 20:52:26.609542+09	51	마티니	1	[{"added": {}}]	2	1
25	2025-11-20 20:53:32.450993+09	52	네그로니	1	[{"added": {}}]	2	1
26	2025-11-20 21:04:49.018219+09	1	사이트 설정 - 2025-11-17	2	[{"changed": {"fields": ["\\uba54\\ub274\\uba85(\\ud55c\\uae00) \\ud3f0\\ud2b8 \\ud30c\\uc77c", "\\uba54\\ub274\\uba85(\\uc601\\ubb38) \\ud3f0\\ud2b8 \\ud30c\\uc77c"]}}]	3	1
27	2025-11-20 21:09:02.109401+09	43	메뉴테스트2	2	[{"changed": {"fields": ["\\uba54\\ub274 \\uc124\\uba85"]}}]	2	1
28	2025-11-20 21:09:25.519069+09	43	메뉴테스트2	2	[{"changed": {"fields": ["\\uba54\\ub274 \\uc124\\uba85"]}}]	2	1
29	2025-11-20 21:09:42.074073+09	43	메뉴테스트2	2	[{"changed": {"fields": ["\\uba54\\ub274 \\uc124\\uba85"]}}]	2	1
30	2025-11-20 21:11:11.106773+09	43	메뉴테스트2	2	[{"changed": {"fields": ["\\uba54\\ub274 \\uc124\\uba85"]}}]	2	1
31	2025-11-20 21:11:22.302279+09	43	메뉴테스트2	2	[{"changed": {"fields": ["\\uba54\\ub274 \\uc124\\uba85"]}}]	2	1
32	2025-11-20 21:18:07.128941+09	1	사이트 설정 - 2025-11-17	2	[{"changed": {"fields": ["\\uc0ac\\uc774\\ub4dc \\uc774\\ubbf8\\uc9c0"]}}]	3	1
33	2025-11-20 21:19:35.546861+09	1	사이트 설정 - 2025-11-17	2	[{"changed": {"fields": ["\\uc0ac\\uc774\\ub4dc \\uc774\\ubbf8\\uc9c0"]}}]	3	1
34	2025-11-20 21:19:36.562965+09	1	사이트 설정 - 2025-11-17	2	[{"changed": {"fields": ["\\uc0ac\\uc774\\ub4dc \\uc774\\ubbf8\\uc9c0"]}}]	3	1
35	2025-11-20 21:21:17.955046+09	1	사이트 설정 - 2025-11-17	2	[{"changed": {"fields": ["\\uc0ac\\uc774\\ub4dc \\uc774\\ubbf8\\uc9c0"]}}]	3	1
36	2025-12-02 22:57:27.82234+09	1	사이트 설정 - 2025-11-17	2	[{"changed": {"fields": ["\\uc778\\ud2b8\\ub85c \\uc774\\ubbf8\\uc9c0", "\\uc778\\ud2b8\\ub85c \\ube44\\ub514\\uc624", "\\uc0ac\\uc774\\ub4dc \\uc774\\ubbf8\\uc9c0"]}}]	3	1
37	2025-12-02 22:59:21.118877+09	14	Cocktails 칵테일 > 칵테일상단이미지	2	[{"changed": {"fields": ["\\uce74\\ud14c\\uace0\\ub9ac \\uc774\\ubbf8\\uc9c0"]}}]	1	1
38	2025-12-02 23:00:05.897053+09	13	Whiskeys 위스키 > 위스키상단이미지	2	[{"changed": {"fields": ["\\uce74\\ud14c\\uace0\\ub9ac \\uc774\\ubbf8\\uc9c0"]}}]	1	1
39	2025-12-02 23:32:12.65698+09	37	테스트상단이미지	2	[{"changed": {"fields": ["\\uba54\\ub274 \\uc774\\ubbf8\\uc9c0"]}}]	2	1
40	2025-12-04 01:52:48.524617+09	16	Cocktails 칵테일 > Sweet\r\n달달한 칵테일	1	[{"added": {}}]	1	1
41	2025-12-04 01:54:00.227225+09	9	Cocktails 칵테일 > Refreshing	2	[{"changed": {"fields": ["name"]}}]	1	1
42	2025-12-04 01:54:37.496355+09	8	Cocktails 칵테일 > Spirit-Foward	2	[{"changed": {"fields": ["name", "\\uc6b0\\uc120\\uc21c\\uc704"]}}]	1	1
43	2025-12-04 01:55:03.161826+09	17	Cocktails 칵테일 > Funny	1	[{"added": {}}]	1	1
44	2025-12-04 01:55:32.48147+09	16	Cocktails 칵테일 > Sweet\r\n달달한 칵테일	3		1	1
45	2025-12-04 01:56:10.610379+09	51	마티니	3		2	1
46	2025-12-04 01:56:18.041002+09	52	네그로니	3		2	1
47	2025-12-04 01:57:23.820897+09	53	준 벅	1	[{"added": {}}]	2	1
48	2025-12-04 01:57:50.722421+09	54	미도리 소다	1	[{"added": {}}]	2	1
49	2025-12-04 01:58:19.257441+09	55	피나 콜라다	1	[{"added": {}}]	2	1
50	2025-12-04 01:58:41.444767+09	56	피치 크러쉬	1	[{"added": {}}]	2	1
51	2025-12-04 01:59:22.971663+09	57	깔루아 밀크	1	[{"added": {}}]	2	1
52	2025-12-04 01:59:43.830279+09	58	카카오 피즈	1	[{"added": {}}]	2	1
53	2025-12-04 02:00:07.134916+09	59	그린 피즈	1	[{"added": {}}]	2	1
54	2025-12-04 02:00:34.352492+09	60	섹스 온 더 비치	1	[{"added": {}}]	2	1
55	2025-12-04 02:01:10.143907+09	61	알렉산더	1	[{"added": {}}]	2	1
56	2025-12-04 02:01:31.546936+09	62	블루 하와이	1	[{"added": {}}]	2	1
57	2025-12-04 02:01:59.870023+09	63	그래스호퍼	1	[{"added": {}}]	2	1
58	2025-12-04 02:02:23.164497+09	64	킹스톤 클럽	1	[{"added": {}}]	2	1
59	2025-12-04 02:02:44.283606+09	65	핫 토디	1	[{"added": {}}]	2	1
60	2025-12-04 02:03:05.499712+09	66	리치 코코	1	[{"added": {}}]	2	1
61	2025-12-04 02:03:33.430498+09	67	에스프레소 마티니	1	[{"added": {}}]	2	1
62	2025-12-04 02:04:00.857828+09	68	화이트 블라썸	1	[{"added": {}}]	2	1
63	2025-12-04 02:04:29.387732+09	69	콰이페 피즈	1	[{"added": {}}]	2	1
64	2025-12-04 02:04:51.524932+09	70	아마레또 사워	1	[{"added": {}}]	2	1
65	2025-12-04 02:05:11.136092+09	71	애플 마티니	1	[{"added": {}}]	2	1
66	2025-12-04 02:05:32.54604+09	72	샴보드 사워	1	[{"added": {}}]	2	1
67	2025-12-04 02:05:52.00877+09	73	쉐리 코블러	1	[{"added": {}}]	2	1
68	2025-12-04 02:07:10.903508+09	74	달달한칵테일인트로사진	1	[{"added": {}}]	2	1
69	2025-12-04 21:22:22.214856+09	14	Cocktails 칵테일 > 칵테일상단이미지	2	[{"changed": {"fields": ["\\uce74\\ud14c\\uace0\\ub9ac \\uc774\\ubbf8\\uc9c0"]}}]	1	1
70	2025-12-04 21:29:41.350113+09	14	Cocktails 칵테일 > 칵테일상단이미지	2	[{"changed": {"fields": ["\\uce74\\ud14c\\uace0\\ub9ac \\uc774\\ubbf8\\uc9c0"]}}]	1	1
71	2025-12-04 21:33:20.532452+09	13	Whiskeys 위스키 > 위스키상단이미지	2	[{"changed": {"fields": ["\\uce74\\ud14c\\uace0\\ub9ac \\uc774\\ubbf8\\uc9c0"]}}]	1	1
72	2025-12-04 22:15:33.726991+09	4	Food 식사 메뉴	2	[{"changed": {"fields": ["\\uce74\\ud14c\\uace0\\ub9ac \\uc774\\ubbf8\\uc9c0"]}}]	1	1
73	2025-12-04 22:17:32.086513+09	4	Food 식사 메뉴	2	[{"changed": {"fields": ["\\uce74\\ud14c\\uace0\\ub9ac \\uc774\\ubbf8\\uc9c0"]}}]	1	1
74	2025-12-04 22:17:36.879115+09	4	Food 식사 메뉴	2	[]	1	1
75	2025-12-04 22:17:59.21478+09	18	Food 식사 메뉴 > 식사 상단이미지	1	[{"added": {}}]	1	1
76	2025-12-04 22:27:43.647541+09	19	Rum / Gin  럼 / 진 > 진럼 상단이미지	1	[{"added": {}}]	1	1
77	2025-12-04 22:28:09.046471+09	20	Tequila/ Mezcal  데킬라 / 메즈칼 > 데킬라메즈칼 상단이미지	1	[{"added": {}}]	1	1
78	2025-12-04 22:44:28.91398+09	1	사이트 설정 - 2025-11-17	2	[{"changed": {"fields": ["\\uc778\\ud2b8\\ub85c \\uc774\\ubbf8\\uc9c0", "\\uba54\\ub274\\uba85(\\ud55c\\uae00) \\ud06c\\uae30", "\\uba54\\ub274\\uba85(\\ud55c\\uae00) \\uc774\\ud0e4\\ub9ad", "\\uba54\\ub274\\uba85(\\uc601\\ubb38) \\ud06c\\uae30", "\\uba54\\ub274\\uba85(\\uc601\\ubb38) \\ubcfc\\ub4dc"]}}]	3	1
79	2025-12-04 22:45:56.718597+09	1	사이트 설정 - 2025-11-17	2	[{"changed": {"fields": ["\\uba54\\ub274\\uba85(\\ud55c\\uae00) \\ud06c\\uae30", "\\uba54\\ub274\\uba85(\\uc601\\ubb38) \\ud06c\\uae30"]}}]	3	1
80	2025-12-04 22:46:13.86342+09	1	사이트 설정 - 2025-11-17	2	[{"changed": {"fields": ["\\uba54\\ub274\\uba85(\\ud55c\\uae00) \\uc774\\ud0e4\\ub9ad", "\\uba54\\ub274\\uba85(\\uc601\\ubb38) \\ubcfc\\ub4dc"]}}]	3	1
81	2025-12-04 22:51:25.930338+09	1	사이트 설정 - 2025-11-17	2	[{"changed": {"fields": ["\\uc778\\ud2b8\\ub85c \\uc774\\ubbf8\\uc9c0"]}}]	3	1
82	2025-12-04 22:52:51.50875+09	18	Food 식사 메뉴 > 식사 상단이미지	2	[{"changed": {"fields": ["\\uc6b0\\uc120\\uc21c\\uc704"]}}]	1	1
83	2025-12-04 22:53:12.210927+09	18	Food 식사 메뉴 > 식사 상단이미지	2	[{"changed": {"fields": ["\\uc6b0\\uc120\\uc21c\\uc704"]}}]	1	1
84	2025-12-04 22:54:27.729449+09	75	식사인트로	1	[{"added": {}}]	2	1
85	2025-12-04 22:57:48.325975+09	1	사이트 설정 - 2025-11-17	2	[{"changed": {"fields": ["\\uc0ac\\uc774\\ub4dc \\uc774\\ubbf8\\uc9c0"]}}]	3	1
86	2025-12-04 22:58:42.335618+09	1	사이트 설정 - 2025-11-17	2	[{"changed": {"fields": ["\\uc0ac\\uc774\\ub4dc \\uc774\\ubbf8\\uc9c0"]}}]	3	1
87	2025-12-04 22:59:59.606384+09	1	사이트 설정 - 2025-11-17	2	[{"changed": {"fields": ["\\uc0ac\\uc774\\ub4dc \\uc774\\ubbf8\\uc9c0"]}}]	3	1
88	2025-12-04 23:03:03.763428+09	49	화양연화	3		2	1
89	2025-12-04 23:03:22.066218+09	45	메뉴테스트4	3		2	1
90	2025-12-04 23:03:30.110357+09	44	메뉴테스트3	3		2	1
91	2025-12-04 23:03:37.897284+09	43	메뉴테스트2	3		2	1
92	2025-12-04 23:03:44.744039+09	39	메뉴테스트1	3		2	1
93	2025-12-05 01:31:03.440383+09	1	사이트 설정 - 2025-11-17	2	[{"changed": {"fields": ["\\uc778\\ud2b8\\ub85c \\uc774\\ubbf8\\uc9c0"]}}]	3	1
94	2025-12-05 01:37:05.438537+09	1	사이트 설정 - 2025-11-17	2	[{"changed": {"fields": ["\\uc0ac\\uc774\\ub4dc \\uc774\\ubbf8\\uc9c0"]}}]	3	1
95	2025-12-05 01:37:17.307616+09	1	사이트 설정 - 2025-11-17	2	[]	3	1
96	2025-12-05 09:30:12.816561+09	1	사이트 설정 - 2025-11-17	2	[{"changed": {"fields": ["\\uba54\\ub274\\uba85(\\ud55c\\uae00) \\ud3f0\\ud2b8 \\ud30c\\uc77c"]}}]	3	1
97	2025-12-05 09:30:48.024691+09	1	사이트 설정 - 2025-11-17	2	[{"changed": {"fields": ["\\uba54\\ub274\\uba85(\\uc601\\ubb38) \\ud3f0\\ud2b8 \\ud30c\\uc77c"]}}]	3	1
98	2025-12-05 09:34:55.714113+09	1	사이트 설정 - 2025-11-17	2	[{"changed": {"fields": ["\\uc778\\ud2b8\\ub85c \\uc774\\ubbf8\\uc9c0"]}}]	3	1
99	2025-12-05 09:44:29.828608+09	1	사이트 설정 - 2025-11-17	2	[{"changed": {"fields": ["\\uc0ac\\uc774\\ub4dc \\uc774\\ubbf8\\uc9c0"]}}]	3	1
100	2025-12-05 13:56:20.557933+09	1	사이트 설정 - 2025-11-17	2	[{"changed": {"fields": ["\\uba54\\ub274\\uba85(\\ud55c\\uae00) \\ubcfc\\ub4dc"]}}]	3	1
101	2025-12-05 13:56:42.41484+09	1	사이트 설정 - 2025-11-17	2	[{"changed": {"fields": ["\\uba54\\ub274\\uba85(\\ud55c\\uae00) \\ubcfc\\ub4dc", "\\uba54\\ub274\\uba85(\\ud55c\\uae00) \\uc774\\ud0e4\\ub9ad", "\\uba54\\ub274\\uba85(\\uc601\\ubb38) \\ud06c\\uae30", "\\uba54\\ub274\\uba85(\\uc601\\ubb38) \\ubcfc\\ub4dc"]}}]	3	1
102	2025-12-05 13:57:04.132911+09	1	사이트 설정 - 2025-11-17	2	[{"changed": {"fields": ["\\uba54\\ub274\\uba85(\\uc601\\ubb38) \\ud06c\\uae30"]}}]	3	1
103	2025-12-05 13:57:44.051358+09	1	사이트 설정 - 2025-11-17	2	[{"changed": {"fields": ["\\uba54\\ub274\\uba85(\\uc601\\ubb38) \\ud06c\\uae30", "\\uba54\\ub274\\uba85(\\uc601\\ubb38) \\uc774\\ud0e4\\ub9ad"]}}]	3	1
104	2025-12-05 13:58:09.83423+09	1	사이트 설정 - 2025-11-17	2	[{"changed": {"fields": ["\\uba54\\ub274\\uba85(\\uc601\\ubb38) \\ud06c\\uae30"]}}]	3	1
105	2025-12-05 13:58:22.837359+09	1	사이트 설정 - 2025-11-17	2	[{"changed": {"fields": ["\\uba54\\ub274\\uba85(\\uc601\\ubb38) \\uc774\\ud0e4\\ub9ad"]}}]	3	1
106	2025-12-05 13:59:36.651702+09	1	사이트 설정 - 2025-11-17	2	[{"changed": {"fields": ["\\uba54\\ub274\\uba85(\\uc601\\ubb38) \\ud3f0\\ud2b8 \\ud30c\\uc77c"]}}]	3	1
107	2025-12-05 14:01:56.11097+09	1	사이트 설정 - 2025-11-17	2	[{"changed": {"fields": ["\\uac00\\uaca9 \\ud3f0\\ud2b8 \\ud30c\\uc77c", "\\uac00\\uaca9 \\ud06c\\uae30"]}}]	3	1
108	2025-12-05 14:10:29.519727+09	63	그래스호퍼	2	[{"changed": {"fields": ["\\uba54\\ub274 \\uc124\\uba85"]}}]	2	1
109	2025-12-05 14:11:31.74703+09	57	깔루아 밀크	2	[{"changed": {"fields": ["\\uba54\\ub274 \\uc124\\uba85"]}}]	2	1
110	2025-12-05 14:12:46.469123+09	54	미도리 소다	2	[{"changed": {"fields": ["\\uba54\\ub274 \\uc124\\uba85"]}}]	2	1
111	2025-12-05 14:13:56.382666+09	72	샴보드 사워	2	[{"changed": {"fields": ["\\uba54\\ub274 \\uc124\\uba85"]}}]	2	1
112	2025-12-05 14:16:28.328007+09	63	그래스호퍼	2	[{"changed": {"fields": ["\\uba54\\ub274 \\uc124\\uba85"]}}]	2	1
113	2025-12-05 21:37:33.620556+09	1	사이트 설정 - 2025-11-17	2	[{"changed": {"fields": ["\\uba54\\ub274\\uba85(\\uc601\\ubb38) \\uc774\\ud0e4\\ub9ad"]}}]	3	1
114	2025-12-05 21:38:31.539458+09	1	사이트 설정 - 2025-11-17	2	[{"changed": {"fields": ["\\uba54\\ub274\\uba85(\\uc601\\ubb38) \\uc774\\ud0e4\\ub9ad"]}}]	3	1
115	2025-12-06 20:45:09.170444+09	63	그래스호퍼	2	[{"changed": {"fields": ["\\uac00\\uaca9"]}}]	2	1
116	2025-12-06 20:45:09.823875+09	63	그래스호퍼	2	[]	2	1
117	2025-12-06 20:45:21.675924+09	63	그래스호퍼	2	[]	2	1
118	2025-12-07 18:03:22.82583+09	20	Tequila/ Mezcal  데킬라 / 메즈칼 > 데킬라메즈칼 상단이미지	3		1	1
119	2025-12-07 18:03:22.8259+09	13	Whiskeys 위스키 > 위스키상단이미지	3		1	1
378	2025-12-18 02:53:28.557436+09	181	진 피즈	1	[{"added": {}}]	2	1
120	2025-12-07 18:03:22.82594+09	19	Rum / Gin  럼 / 진 > 진럼 상단이미지	3		1	1
121	2025-12-07 18:03:22.825976+09	14	Cocktails 칵테일 > 칵테일상단이미지	3		1	1
122	2025-12-07 18:03:22.826012+09	4	Food 식사 메뉴	3		1	1
123	2025-12-07 18:04:21.380167+09	2	Cocktails 칵테일 > Signature	2	[{"changed": {"fields": ["\\uc0ac\\uc774\\ub4dc \\uc774\\ubbf8\\uc9c0 \\uc228\\uae30\\uae30"]}}]	1	1
124	2025-12-07 18:15:40.131861+09	21	Dish 식사 메뉴	1	[{"added": {}}]	1	1
125	2025-12-07 18:47:55.197489+09	21	Dish 식사 메뉴	2	[]	1	1
126	2025-12-07 19:11:41.541879+09	75	식사인트로	2	[{"changed": {"fields": ["\\uce74\\ud14c\\uace0\\ub9ac"]}}]	2	1
127	2025-12-07 19:12:08.260979+09	21	Dish 식사 메뉴	2	[{"changed": {"fields": ["\\uc0ac\\uc774\\ub4dc \\uc774\\ubbf8\\uc9c0 \\uc228\\uae30\\uae30"]}}]	1	1
128	2025-12-08 11:09:15.501748+09	63	그래스호퍼	2	[]	2	1
129	2025-12-08 11:13:15.332355+09	63	그래스호퍼	2	[{"changed": {"fields": ["\\uac00\\uaca9"]}}]	2	1
130	2025-12-08 11:53:31.118029+09	41	test2	3		2	1
131	2025-12-08 11:53:31.11809+09	42	ㅅㄷㄴㅅ	3		2	1
132	2025-12-08 11:53:31.118127+09	48	테스트상단이미지	3		2	1
133	2025-12-08 11:53:31.118194+09	47	테스트상단이미지	3		2	1
134	2025-12-08 11:53:31.118229+09	46	테스트상단이미지	3		2	1
135	2025-12-08 11:53:31.118261+09	40	test	3		2	1
136	2025-12-08 11:53:31.118292+09	38	테스트_이미지 없음	3		2	1
137	2025-12-08 11:53:31.118323+09	37	테스트상단이미지	3		2	1
138	2025-12-17 17:30:59.244793+09	76	누룽지니 포르치니	1	[{"added": {}}]	2	1
139	2025-12-17 17:32:06.025471+09	77	라구 파스타	1	[{"added": {}}]	2	1
140	2025-12-17 17:32:07.825388+09	78	라구 파스타	1	[{"added": {}}]	2	1
141	2025-12-17 17:32:36.538995+09	79	엔초비 파스타	1	[{"added": {}}]	2	1
142	2025-12-17 17:32:58.945548+09	78	라구 파스타	2	[{"changed": {"fields": ["\\uc6b0\\uc120\\uc21c\\uc704"]}}]	2	1
143	2025-12-17 17:33:27.600974+09	77	라구 파스타	3		2	1
144	2025-12-17 17:34:00.648613+09	21	Dish 식사 메뉴	2	[{"changed": {"fields": ["\\uc0ac\\uc774\\ub4dc \\uc774\\ubbf8\\uc9c0 \\uc228\\uae30\\uae30"]}}]	1	1
145	2025-12-17 17:37:53.0112+09	75	식사인트로	2	[{"changed": {"fields": ["\\uba54\\ub274 \\uc774\\ubbf8\\uc9c0"]}}]	2	1
146	2025-12-17 17:43:59.421064+09	74	달달한칵테일인트로사진	2	[{"changed": {"fields": ["\\uba54\\ub274 \\uc774\\ubbf8\\uc9c0"]}}]	2	1
147	2025-12-17 18:09:01.81517+09	1	Cocktails 칵테일	2	[{"changed": {"fields": ["\\uce74\\ud14c\\uace0\\ub9ac \\uc774\\ubbf8\\uc9c0"]}}]	1	1
148	2025-12-17 18:09:31.958372+09	1	Cocktails 칵테일	2	[{"changed": {"fields": ["\\uce74\\ud14c\\uace0\\ub9ac \\uc774\\ubbf8\\uc9c0"]}}]	1	1
149	2025-12-17 18:10:20.431324+09	80	칵테일 인트로	1	[{"added": {}}]	2	1
150	2025-12-17 18:13:03.827521+09	81	위스키 인트로	1	[{"added": {}}]	2	1
151	2025-12-17 18:14:56.040637+09	22	Whiskeys 위스키 > 위스키 인트로	1	[{"added": {}}]	1	1
152	2025-12-17 18:15:13.329061+09	22	Whiskeys 위스키 > 위스키 인트로	2	[{"changed": {"fields": ["\\uc0ac\\uc774\\ub4dc \\uc774\\ubbf8\\uc9c0 \\uc228\\uae30\\uae30"]}}]	1	1
153	2025-12-17 18:15:50.153177+09	22	Whiskeys 위스키 > 위스키 인트로	2	[{"changed": {"fields": ["\\uc6b0\\uc120\\uc21c\\uc704"]}}]	1	1
154	2025-12-17 18:19:23.109122+09	1	사이트 설정 - 2025-11-17	2	[{"changed": {"fields": ["\\uba54\\ub274\\uba85(\\uc601\\ubb38) \\ud06c\\uae30"]}}]	3	1
155	2025-12-17 18:19:42.549231+09	1	사이트 설정 - 2025-11-17	2	[{"changed": {"fields": ["\\uba54\\ub274\\uba85(\\uc601\\ubb38) \\ud06c\\uae30"]}}]	3	1
156	2025-12-17 18:21:13.307687+09	1	사이트 설정 - 2025-11-17	2	[{"changed": {"fields": ["\\uac00\\uaca9 \\uc0c9\\uc0c1"]}}]	3	1
157	2025-12-17 18:21:32.749524+09	1	사이트 설정 - 2025-11-17	2	[{"changed": {"fields": ["\\uce74\\ud14c\\uace0\\ub9ac\\uba85(\\uc601\\ubb38) \\ud06c\\uae30", "\\uce74\\ud14c\\uace0\\ub9ac\\uba85(\\uc601\\ubb38) \\ubcfc\\ub4dc"]}}]	3	1
158	2025-12-17 18:22:41.136512+09	1	사이트 설정 - 2025-11-17	2	[{"changed": {"fields": ["\\uba54\\ub274\\uba85(\\uc601\\ubb38) \\ud06c\\uae30"]}}]	3	1
159	2025-12-17 18:22:50.539746+09	1	사이트 설정 - 2025-11-17	2	[{"changed": {"fields": ["\\uba54\\ub274\\uba85(\\uc601\\ubb38) \\ud06c\\uae30"]}}]	3	1
160	2025-12-17 18:24:30.470584+09	80	칵테일 인트로	3		2	1
161	2025-12-17 18:24:37.661495+09	81	위스키 인트로	3		2	1
162	2025-12-17 18:25:34.935204+09	23	Cocktails 칵테일 > 칵테일 인트로	1	[{"added": {}}]	1	1
163	2025-12-17 18:26:07.538118+09	1	사이트 설정 - 2025-11-17	2	[{"changed": {"fields": ["\\uba54\\ub274 \\uc124\\uba85 \\ud06c\\uae30"]}}]	3	1
164	2025-12-17 18:29:26.459365+09	1	사이트 설정 - 2025-11-17	2	[{"changed": {"fields": ["\\uba54\\ub274\\uba85(\\uc601\\ubb38) \\ud06c\\uae30"]}}]	3	1
165	2025-12-17 18:31:07.713911+09	24	Tequila/ Mezcal  데킬라 / 메즈칼 > 데킬라메즈칼 인트로	1	[{"added": {}}]	1	1
166	2025-12-17 18:31:59.914122+09	25	Rum / Gin  럼 / 진 > 진럼 인트로	1	[{"added": {}}]	1	1
167	2025-12-17 18:36:10.299125+09	82	호세 쿠엘보 에스파샬	1	[{"added": {}}]	2	1
168	2025-12-17 18:36:19.636022+09	1	사이트 설정 - 2025-11-17	2	[{"changed": {"fields": ["\\uba54\\ub274\\uba85(\\uc601\\ubb38) \\ud06c\\uae30"]}}]	3	1
169	2025-12-17 18:36:36.043115+09	1	사이트 설정 - 2025-11-17	2	[{"changed": {"fields": ["\\uba54\\ub274\\uba85(\\uc601\\ubb38) \\ud06c\\uae30"]}}]	3	1
170	2025-12-17 18:37:06.936108+09	1	사이트 설정 - 2025-11-17	2	[{"changed": {"fields": ["\\uba54\\ub274\\uba85(\\uc601\\ubb38) \\ud06c\\uae30", "\\uba54\\ub274\\uba85(\\uc601\\ubb38) \\uc774\\ud0e4\\ub9ad"]}}]	3	1
171	2025-12-17 18:37:22.607069+09	1	사이트 설정 - 2025-11-17	2	[{"changed": {"fields": ["\\uba54\\ub274\\uba85(\\uc601\\ubb38) \\ud06c\\uae30"]}}]	3	1
172	2025-12-17 18:37:26.226622+09	82	호세 쿠엘보 에스파샬	2	[{"changed": {"fields": ["\\uc6b0\\uc120\\uc21c\\uc704"]}}]	2	1
173	2025-12-17 18:38:29.25566+09	1	사이트 설정 - 2025-11-17	2	[{"changed": {"fields": ["\\uba54\\ub274\\uba85(\\uc601\\ubb38) \\uc774\\ud0e4\\ub9ad"]}}]	3	1
174	2025-12-17 18:40:54.621499+09	83	에라두라 플라타	1	[{"added": {}}]	2	1
175	2025-12-17 18:41:23.830729+09	84	818 테킬라 블랑코	1	[{"added": {}}]	2	1
176	2025-12-17 18:41:56.538208+09	82	호세 쿠엘보 에스파샬	2	[{"changed": {"fields": ["\\uc6b0\\uc120\\uc21c\\uc704"]}}]	2	1
177	2025-12-17 18:43:31.3722+09	85	ㅁㄴㅇㄹ	1	[{"added": {}}]	2	1
178	2025-12-17 18:44:51.615242+09	22	Whiskeys 위스키 > 위스키 인트로	3		1	1
179	2025-12-17 18:44:52.223568+09	22	Whiskeys 위스키 > 위스키 인트로	3		1	1
180	2025-12-17 18:45:45.04103+09	25	Rum / Gin  럼 / 진 > 진럼 인트로	3		1	1
181	2025-12-17 18:46:07.422324+09	24	Tequila/ Mezcal  데킬라 / 메즈칼 > 데킬라메즈칼 인트로	3		1	1
182	2025-12-17 18:47:25.511063+09	86	데킬라메즈칼 인트로	1	[{"added": {}}]	2	1
183	2025-12-17 18:48:47.732371+09	87	진럼 인트로	1	[{"added": {}}]	2	1
184	2025-12-17 18:50:52.813014+09	82	호세 쿠엘보 에스파샬	2	[{"changed": {"fields": ["\\uac00\\uaca9"]}}]	2	1
185	2025-12-17 18:53:27.42373+09	12	Whiskeys 위스키 > 아일랜드	2	[{"changed": {"fields": ["\\uce74\\ud14c\\uace0\\ub9ac\\uba85(\\uc601\\ubb38)", "\\uce74\\ud14c\\uace0\\ub9ac\\uba85(\\ud55c\\uae00)"]}}]	1	1
186	2025-12-17 18:54:17.130105+09	88	위스키 인트로	1	[{"added": {}}]	2	1
187	2025-12-17 18:55:07.628521+09	1	사이트 설정 - 2025-11-17	2	[{"changed": {"fields": ["\\uce74\\ud14c\\uace0\\ub9ac\\uba85(\\uc601\\ubb38) \\ud06c\\uae30"]}}]	3	1
188	2025-12-17 18:55:09.244891+09	1	사이트 설정 - 2025-11-17	2	[{"changed": {"fields": ["\\uce74\\ud14c\\uace0\\ub9ac\\uba85(\\uc601\\ubb38) \\ud06c\\uae30"]}}]	3	1
189	2025-12-17 18:55:45.053434+09	88	위스키 인트로	2	[]	2	1
190	2025-12-17 18:56:51.118297+09	8	칵테일 > 술맛 나는	2	[{"changed": {"fields": ["\\uce74\\ud14c\\uace0\\ub9ac\\uba85(\\ud55c\\uae00)"]}}]	1	1
191	2025-12-17 18:58:15.904063+09	88	위스키 인트로	2	[{"changed": {"fields": ["\\uc6b0\\uc120\\uc21c\\uc704"]}}]	2	1
192	2025-12-17 18:59:10.891436+09	88	위스키 인트로	3		2	1
193	2025-12-17 18:59:55.328095+09	26	위스키 > 위스키 인트로	1	[{"added": {}}]	1	1
194	2025-12-17 19:06:56.325927+09	1	사이트 설정 - 2025-11-17	2	[]	3	1
195	2025-12-17 19:06:59.611812+09	1	사이트 설정 - 2025-11-17	2	[]	3	1
196	2025-12-17 19:08:41.485319+09	89	818 데킬라 레포사도	1	[{"added": {}}]	2	1
197	2025-12-17 19:09:20.442667+09	90	패트론 실버	1	[{"added": {}}]	2	1
198	2025-12-17 19:09:51.441829+09	91	패트론 레포사도	1	[{"added": {}}]	2	1
199	2025-12-17 19:10:18.342038+09	92	패트론 아네호	1	[{"added": {}}]	2	1
200	2025-12-17 19:11:47.836247+09	1	사이트 설정 - 2025-11-17	2	[{"changed": {"fields": ["\\uce74\\ud14c\\uace0\\ub9ac\\uba85(\\uc601\\ubb38) \\ud06c\\uae30"]}}]	3	1
201	2025-12-17 19:12:19.905036+09	1	사이트 설정 - 2025-11-17	2	[{"changed": {"fields": ["\\uce74\\ud14c\\uace0\\ub9ac\\uba85(\\uc601\\ubb38) \\ud06c\\uae30"]}}]	3	1
202	2025-12-17 19:12:44.924472+09	1	사이트 설정 - 2025-11-17	2	[{"changed": {"fields": ["\\uce74\\ud14c\\uace0\\ub9ac\\uba85(\\uc601\\ubb38) \\ud06c\\uae30"]}}]	3	1
203	2025-12-17 19:15:30.313357+09	1	사이트 설정 - 2025-11-17	2	[{"changed": {"fields": ["\\uba54\\ub274\\uba85(\\uc601\\ubb38) \\ud06c\\uae30"]}}]	3	1
204	2025-12-17 19:16:07.567182+09	1	사이트 설정 - 2025-11-17	2	[{"changed": {"fields": ["\\uba54\\ub274\\uba85(\\uc601\\ubb38) \\ud06c\\uae30", "\\uac00\\uaca9 \\ud06c\\uae30"]}}]	3	1
205	2025-12-17 19:17:25.251118+09	1	사이트 설정 - 2025-11-17	2	[{"changed": {"fields": ["\\uba54\\ub274\\uba85(\\uc601\\ubb38) \\uc0c9\\uc0c1"]}}]	3	1
206	2025-12-17 19:18:55.921386+09	1	사이트 설정 - 2025-11-17	2	[{"changed": {"fields": ["\\uba54\\ub274\\uba85(\\uc601\\ubb38) \\uc0c9\\uc0c1"]}}]	3	1
207	2025-12-17 19:19:36.102731+09	1	사이트 설정 - 2025-11-17	2	[{"changed": {"fields": ["\\uba54\\ub274\\uba85(\\uc601\\ubb38) \\uc0c9\\uc0c1"]}}]	3	1
208	2025-12-17 19:20:03.928655+09	1	사이트 설정 - 2025-11-17	2	[{"changed": {"fields": ["\\uba54\\ub274\\uba85(\\uc601\\ubb38) \\uc0c9\\uc0c1"]}}]	3	1
209	2025-12-17 19:20:19.606895+09	1	사이트 설정 - 2025-11-17	2	[{"changed": {"fields": ["\\uba54\\ub274\\uba85(\\uc601\\ubb38) \\uc0c9\\uc0c1"]}}]	3	1
210	2025-12-17 19:20:40.314106+09	1	사이트 설정 - 2025-11-17	2	[{"changed": {"fields": ["\\uba54\\ub274\\uba85(\\uc601\\ubb38) \\ud06c\\uae30"]}}]	3	1
211	2025-12-17 19:21:29.721765+09	1	사이트 설정 - 2025-11-17	2	[{"changed": {"fields": ["\\uba54\\ub274\\uba85(\\uc601\\ubb38) \\uc0c9\\uc0c1"]}}]	3	1
212	2025-12-17 19:21:53.633931+09	1	사이트 설정 - 2025-11-17	2	[{"changed": {"fields": ["\\uba54\\ub274\\uba85(\\uc601\\ubb38) \\uc0c9\\uc0c1", "\\uba54\\ub274\\uba85(\\uc601\\ubb38) \\ud06c\\uae30", "\\uac00\\uaca9 \\ud06c\\uae30"]}}]	3	1
213	2025-12-17 19:27:29.938349+09	1	사이트 설정 - 2025-11-17	2	[{"changed": {"fields": ["\\uce74\\ud14c\\uace0\\ub9ac\\uba85(\\ud55c\\uae00) \\ud06c\\uae30", "\\uce74\\ud14c\\uace0\\ub9ac\\uba85(\\uc601\\ubb38) \\uc0c9\\uc0c1", "\\uce74\\ud14c\\uace0\\ub9ac\\uba85(\\uc601\\ubb38) \\ud06c\\uae30"]}}]	3	1
214	2025-12-17 19:27:56.604643+09	1	사이트 설정 - 2025-11-17	2	[{"changed": {"fields": ["\\uce74\\ud14c\\uace0\\ub9ac\\uba85(\\ud55c\\uae00) \\ud06c\\uae30"]}}]	3	1
215	2025-12-17 19:28:26.730178+09	1	사이트 설정 - 2025-11-17	2	[{"changed": {"fields": ["\\uce74\\ud14c\\uace0\\ub9ac\\uba85(\\uc601\\ubb38) \\uc0c9\\uc0c1"]}}]	3	1
216	2025-12-17 19:29:01.045004+09	1	사이트 설정 - 2025-11-17	2	[{"changed": {"fields": ["\\uce74\\ud14c\\uace0\\ub9ac\\uba85(\\ud55c\\uae00) \\ud06c\\uae30"]}}]	3	1
217	2025-12-17 20:12:58.541616+09	93	시그니처1	1	[{"added": {}}]	2	1
218	2025-12-17 20:13:20.50485+09	94	시그니처2	1	[{"added": {}}]	2	1
219	2025-12-17 20:13:46.920928+09	95	시그니처3	1	[{"added": {}}]	2	1
220	2025-12-17 20:13:49.214589+09	96	시그니처3	1	[{"added": {}}]	2	1
221	2025-12-17 20:14:18.613679+09	97	시그니처4	1	[{"added": {}}]	2	1
222	2025-12-17 20:14:58.544929+09	96	시그니처3	3		2	1
223	2025-12-17 20:18:06.908841+09	85	보타니스트	2	[{"changed": {"fields": ["\\uba54\\ub274\\uba85(\\uc601\\ubb38)", "\\uba54\\ub274\\uba85", "\\uac00\\uaca9", "\\uba54\\ub274 \\uc124\\uba85"]}}]	2	1
224	2025-12-17 20:18:36.693408+09	98	미라보 드라이 진	1	[{"added": {}}]	2	1
225	2025-12-17 20:19:04.222257+09	99	산토리 수이 진	1	[{"added": {}}]	2	1
226	2025-12-17 20:19:25.118335+09	100	르 진	1	[{"added": {}}]	2	1
227	2025-12-17 20:20:04.941198+09	101	봄베이 사파이어	1	[{"added": {}}]	2	1
228	2025-12-17 20:20:24.038318+09	102	몽키 47	1	[{"added": {}}]	2	1
229	2025-12-17 20:20:49.403053+09	103	핸드릭스	1	[{"added": {}}]	2	1
230	2025-12-17 20:21:24.339031+09	100	르 진	2	[{"changed": {"fields": ["\\uc6b0\\uc120\\uc21c\\uc704"]}}]	2	1
231	2025-12-17 20:21:24.341331+09	102	몽키 47	2	[{"changed": {"fields": ["\\uc6b0\\uc120\\uc21c\\uc704"]}}]	2	1
232	2025-12-17 20:21:24.342989+09	98	미라보 드라이 진	2	[{"changed": {"fields": ["\\uc6b0\\uc120\\uc21c\\uc704"]}}]	2	1
233	2025-12-17 20:21:24.344627+09	101	봄베이 사파이어	2	[{"changed": {"fields": ["\\uc6b0\\uc120\\uc21c\\uc704"]}}]	2	1
234	2025-12-17 20:21:24.346514+09	103	핸드릭스	2	[{"changed": {"fields": ["\\uc6b0\\uc120\\uc21c\\uc704"]}}]	2	1
235	2025-12-17 20:21:52.693811+09	99	산토리 수이 진	2	[{"changed": {"fields": ["\\uce74\\ud14c\\uace0\\ub9ac"]}}]	2	1
236	2025-12-17 20:22:09.519191+09	99	산토리 수이 진	2	[{"changed": {"fields": ["\\uc6b0\\uc120\\uc21c\\uc704"]}}]	2	1
237	2025-12-17 20:22:39.816846+09	104	핸드릭스 플로라 아도라	1	[{"added": {}}]	2	1
238	2025-12-17 20:23:11.617177+09	105	핸드릭스 그랜드 카바레	1	[{"added": {}}]	2	1
239	2025-12-17 20:23:26.510018+09	105	핸드릭스 그랜드 카바레	2	[{"changed": {"fields": ["\\uc6b0\\uc120\\uc21c\\uc704"]}}]	2	1
240	2025-12-17 20:23:26.51236+09	104	핸드릭스 플로라 아도라	2	[{"changed": {"fields": ["\\uc6b0\\uc120\\uc21c\\uc704"]}}]	2	1
241	2025-12-17 20:24:51.062867+09	106	럼 인트로	1	[{"added": {}}]	2	1
242	2025-12-17 20:25:22.701378+09	107	플랜테이션 파인애플	1	[{"added": {}}]	2	1
243	2025-12-17 20:25:54.106282+09	108	고슬링스	1	[{"added": {}}]	2	1
244	2025-12-17 20:26:20.450376+09	109	골드 오브 모리셔스	1	[{"added": {}}]	2	1
245	2025-12-17 20:26:54.740882+09	110	애플톤 에스테이트 레어 블렌드	1	[{"added": {}}]	2	1
246	2025-12-17 20:27:25.542317+09	106	럼 인트로	2	[{"changed": {"fields": ["\\uba54\\ub274 \\uc774\\ubbf8\\uc9c0"]}}]	2	1
247	2025-12-17 20:33:54.238025+09	87	진 인트로	2	[{"changed": {"fields": ["\\uba54\\ub274\\uba85(\\uc601\\ubb38)", "\\uba54\\ub274\\uba85", "\\uac00\\uaca9", "\\uba54\\ub274 \\uc124\\uba85", "\\uba54\\ub274 \\uc774\\ubbf8\\uc9c0"]}}]	2	1
248	2025-12-17 20:34:12.730941+09	106	럼 인트로	2	[{"changed": {"fields": ["\\uba54\\ub274 \\uc774\\ubbf8\\uc9c0"]}}]	2	1
249	2025-12-17 20:35:16.936008+09	111	디플로마티코	1	[{"added": {}}]	2	1
250	2025-12-17 20:35:43.142757+09	112	스미스 앤 크로스	1	[{"added": {}}]	2	1
251	2025-12-17 20:36:05.252701+09	113	범부	1	[{"added": {}}]	2	1
252	2025-12-17 20:36:31.903415+09	114	론 자카파23	1	[{"added": {}}]	2	1
253	2025-12-17 20:37:12.311562+09	115	돈 파파 7년	1	[{"added": {}}]	2	1
254	2025-12-17 20:37:35.483102+09	116	돈 파파 10년	1	[{"added": {}}]	2	1
255	2025-12-17 23:04:59.897306+09	6	진 / 럼	2	[{"changed": {"fields": ["\\uce74\\ud14c\\uace0\\ub9ac\\uba85(\\uc601\\ubb38)", "\\uce74\\ud14c\\uace0\\ub9ac\\uba85(\\ud55c\\uae00)"]}}]	1	1
256	2025-12-17 23:05:34.058731+09	21	식사 메뉴	2	[{"changed": {"fields": ["\\uc6b0\\uc120\\uc21c\\uc704"]}}]	1	1
257	2025-12-17 23:05:34.060829+09	1	칵테일	2	[{"changed": {"fields": ["\\uc6b0\\uc120\\uc21c\\uc704"]}}]	1	1
258	2025-12-17 23:05:34.062318+09	5	위스키	2	[{"changed": {"fields": ["\\uc6b0\\uc120\\uc21c\\uc704"]}}]	1	1
259	2025-12-17 23:05:34.104062+09	3	데킬라 / 메즈칼	2	[{"changed": {"fields": ["\\uc6b0\\uc120\\uc21c\\uc704"]}}]	1	1
260	2025-12-17 23:05:34.105877+09	6	진 / 럼	2	[{"changed": {"fields": ["\\uc6b0\\uc120\\uc21c\\uc704"]}}]	1	1
261	2025-12-18 01:15:52.418437+09	86	데킬라 인트로	2	[{"changed": {"fields": ["\\uba54\\ub274\\uba85(\\uc601\\ubb38)", "\\uba54\\ub274\\uba85", "\\uac00\\uaca9", "\\uba54\\ub274 \\uc124\\uba85"]}}]	2	1
262	2025-12-18 01:16:07.140872+09	86	데킬라 인트로	2	[{"changed": {"fields": ["\\uba54\\ub274 \\uc774\\ubbf8\\uc9c0"]}}]	2	1
263	2025-12-18 01:17:10.148878+09	117	돈 훌리오 블랑코	1	[{"added": {}}]	2	1
264	2025-12-18 01:17:47.053917+09	118	돈 훌리오 레포사도	1	[{"added": {}}]	2	1
265	2025-12-18 01:18:15.549899+09	119	돈 훌리오 아네호	1	[{"added": {}}]	2	1
266	2025-12-18 01:18:44.540761+09	120	클라세 아줄 레포사도	1	[{"added": {}}]	2	1
267	2025-12-18 01:19:08.280236+09	121	메즈칼 인트로	1	[{"added": {}}]	2	1
268	2025-12-18 01:19:43.141004+09	122	몬테 알반	1	[{"added": {}}]	2	1
269	2025-12-18 01:20:10.797885+09	123	데룸베스 듀랑고	1	[{"added": {}}]	2	1
270	2025-12-18 01:20:37.253262+09	124	데룸베스 와하까	1	[{"added": {}}]	2	1
271	2025-12-18 01:21:09.822251+09	125	데룸베스 산 루이스 포토시	1	[{"added": {}}]	2	1
272	2025-12-18 01:21:52.313424+09	126	로스 베치노스 델 캄포 토발라	1	[{"added": {}}]	2	1
273	2025-12-18 01:22:34.751522+09	127	로스 베치노스 델 캄포 에스파딘	1	[{"added": {}}]	2	1
274	2025-12-18 01:23:15.240361+09	128	로스 베치노스 델 캄포 앙상블 넘버원	1	[{"added": {}}]	2	1
275	2025-12-18 01:23:47.533502+09	129	시에테 미스테리오스 도바-예	1	[{"added": {}}]	2	1
276	2025-12-18 01:24:56.937388+09	123	데룸베스 듀랑고	2	[{"changed": {"fields": ["\\uc6b0\\uc120\\uc21c\\uc704"]}}]	2	1
277	2025-12-18 01:24:56.939616+09	125	데룸베스 산 루이스 포토시	2	[{"changed": {"fields": ["\\uc6b0\\uc120\\uc21c\\uc704"]}}]	2	1
278	2025-12-18 01:24:56.941432+09	124	데룸베스 와하까	2	[{"changed": {"fields": ["\\uc6b0\\uc120\\uc21c\\uc704"]}}]	2	1
279	2025-12-18 01:24:56.943185+09	128	로스 베치노스 델 캄포 앙상블 넘버원	2	[{"changed": {"fields": ["\\uc6b0\\uc120\\uc21c\\uc704"]}}]	2	1
280	2025-12-18 01:24:56.944766+09	127	로스 베치노스 델 캄포 에스파딘	2	[{"changed": {"fields": ["\\uc6b0\\uc120\\uc21c\\uc704"]}}]	2	1
281	2025-12-18 01:24:56.946414+09	126	로스 베치노스 델 캄포 토발라	2	[{"changed": {"fields": ["\\uc6b0\\uc120\\uc21c\\uc704"]}}]	2	1
282	2025-12-18 01:24:56.948168+09	129	시에테 미스테리오스 도바-예	2	[{"changed": {"fields": ["\\uc6b0\\uc120\\uc21c\\uc704"]}}]	2	1
283	2025-12-18 01:25:59.349701+09	121	메즈칼 인트로	2	[{"changed": {"fields": ["\\uc6b0\\uc120\\uc21c\\uc704"]}}]	2	1
284	2025-12-18 01:25:59.351822+09	122	몬테 알반	2	[{"changed": {"fields": ["\\uc6b0\\uc120\\uc21c\\uc704"]}}]	2	1
285	2025-12-18 01:25:59.403927+09	123	데룸베스 듀랑고	2	[{"changed": {"fields": ["\\uc6b0\\uc120\\uc21c\\uc704"]}}]	2	1
286	2025-12-18 01:25:59.407016+09	124	데룸베스 와하까	2	[{"changed": {"fields": ["\\uc6b0\\uc120\\uc21c\\uc704"]}}]	2	1
287	2025-12-18 01:25:59.409429+09	125	데룸베스 산 루이스 포토시	2	[{"changed": {"fields": ["\\uc6b0\\uc120\\uc21c\\uc704"]}}]	2	1
288	2025-12-18 01:25:59.411785+09	126	로스 베치노스 델 캄포 토발라	2	[{"changed": {"fields": ["\\uc6b0\\uc120\\uc21c\\uc704"]}}]	2	1
289	2025-12-18 01:25:59.414007+09	127	로스 베치노스 델 캄포 에스파딘	2	[{"changed": {"fields": ["\\uc6b0\\uc120\\uc21c\\uc704"]}}]	2	1
290	2025-12-18 01:25:59.417568+09	128	로스 베치노스 델 캄포 앙상블 넘버원	2	[{"changed": {"fields": ["\\uc6b0\\uc120\\uc21c\\uc704"]}}]	2	1
291	2025-12-18 01:25:59.419769+09	129	시에테 미스테리오스 도바-예	2	[{"changed": {"fields": ["\\uc6b0\\uc120\\uc21c\\uc704"]}}]	2	1
292	2025-12-18 01:27:36.031038+09	130	1800 블랑코	1	[{"added": {}}]	2	1
293	2025-12-18 01:28:09.373619+09	131	1800 아네호	1	[{"added": {}}]	2	1
294	2025-12-18 01:28:43.543191+09	132	마드레 메즈칼 에스파딘	1	[{"added": {}}]	2	1
295	2025-12-18 01:29:14.130834+09	133	마드레 메즈칼 앙상블	1	[{"added": {}}]	2	1
296	2025-12-18 01:30:00.17379+09	134	도나 셀리아 블랑코	1	[{"added": {}}]	2	1
297	2025-12-18 01:30:26.145553+09	135	도나 셀리아 레포사도	1	[{"added": {}}]	2	1
298	2025-12-18 01:30:48.332521+09	136	도나 셀리아 아네호	1	[{"added": {}}]	2	1
299	2025-12-18 01:33:19.71126+09	130	1800 블랑코	2	[{"changed": {"fields": ["\\uc6b0\\uc120\\uc21c\\uc704"]}}]	2	1
300	2025-12-18 01:33:19.71453+09	131	1800 아네호	2	[{"changed": {"fields": ["\\uc6b0\\uc120\\uc21c\\uc704"]}}]	2	1
301	2025-12-18 01:33:19.716268+09	135	도나 셀리아 레포사도	2	[{"changed": {"fields": ["\\uc6b0\\uc120\\uc21c\\uc704"]}}]	2	1
302	2025-12-18 01:33:19.717914+09	134	도나 셀리아 블랑코	2	[{"changed": {"fields": ["\\uc6b0\\uc120\\uc21c\\uc704"]}}]	2	1
303	2025-12-18 01:33:19.719576+09	136	도나 셀리아 아네호	2	[{"changed": {"fields": ["\\uc6b0\\uc120\\uc21c\\uc704"]}}]	2	1
304	2025-12-18 01:33:19.721208+09	133	마드레 메즈칼 앙상블	2	[{"changed": {"fields": ["\\uc6b0\\uc120\\uc21c\\uc704"]}}]	2	1
305	2025-12-18 01:33:19.722953+09	132	마드레 메즈칼 에스파딘	2	[{"changed": {"fields": ["\\uc6b0\\uc120\\uc21c\\uc704"]}}]	2	1
306	2025-12-18 01:33:19.724843+09	90	패트론 실버	2	[{"changed": {"fields": ["\\uc6b0\\uc120\\uc21c\\uc704"]}}]	2	1
307	2025-12-18 01:33:19.726484+09	91	패트론 레포사도	2	[{"changed": {"fields": ["\\uc6b0\\uc120\\uc21c\\uc704"]}}]	2	1
308	2025-12-18 01:33:19.728335+09	92	패트론 아네호	2	[{"changed": {"fields": ["\\uc6b0\\uc120\\uc21c\\uc704"]}}]	2	1
309	2025-12-18 01:33:19.729982+09	117	돈 훌리오 블랑코	2	[{"changed": {"fields": ["\\uc6b0\\uc120\\uc21c\\uc704"]}}]	2	1
310	2025-12-18 01:33:19.731661+09	118	돈 훌리오 레포사도	2	[{"changed": {"fields": ["\\uc6b0\\uc120\\uc21c\\uc704"]}}]	2	1
311	2025-12-18 01:33:19.733351+09	119	돈 훌리오 아네호	2	[{"changed": {"fields": ["\\uc6b0\\uc120\\uc21c\\uc704"]}}]	2	1
312	2025-12-18 01:33:19.734997+09	120	클라세 아줄 레포사도	2	[{"changed": {"fields": ["\\uc6b0\\uc120\\uc21c\\uc704"]}}]	2	1
313	2025-12-18 01:33:19.736681+09	126	로스 베치노스 델 캄포 토발라	2	[{"changed": {"fields": ["\\uc6b0\\uc120\\uc21c\\uc704"]}}]	2	1
314	2025-12-18 01:33:19.73834+09	127	로스 베치노스 델 캄포 에스파딘	2	[{"changed": {"fields": ["\\uc6b0\\uc120\\uc21c\\uc704"]}}]	2	1
315	2025-12-18 01:33:19.739925+09	128	로스 베치노스 델 캄포 앙상블 넘버원	2	[{"changed": {"fields": ["\\uc6b0\\uc120\\uc21c\\uc704"]}}]	2	1
316	2025-12-18 01:33:19.741543+09	129	시에테 미스테리오스 도바-예	2	[{"changed": {"fields": ["\\uc6b0\\uc120\\uc21c\\uc704"]}}]	2	1
317	2025-12-18 01:36:11.538018+09	126	로스 베치노스 델 캄포 토발라	2	[{"changed": {"fields": ["\\uc6b0\\uc120\\uc21c\\uc704"]}}]	2	1
318	2025-12-18 01:36:11.540087+09	127	로스 베치노스 델 캄포 에스파딘	2	[{"changed": {"fields": ["\\uc6b0\\uc120\\uc21c\\uc704"]}}]	2	1
319	2025-12-18 01:36:11.541641+09	128	로스 베치노스 델 캄포 앙상블 넘버원	2	[{"changed": {"fields": ["\\uc6b0\\uc120\\uc21c\\uc704"]}}]	2	1
320	2025-12-18 01:37:08.052754+09	84	818 테킬라 블랑코	2	[{"changed": {"fields": ["\\uc6b0\\uc120\\uc21c\\uc704"]}}]	2	1
321	2025-12-18 01:37:08.055326+09	89	818 데킬라 레포사도	2	[{"changed": {"fields": ["\\uc6b0\\uc120\\uc21c\\uc704"]}}]	2	1
322	2025-12-18 01:37:08.057055+09	130	1800 블랑코	2	[{"changed": {"fields": ["\\uc6b0\\uc120\\uc21c\\uc704"]}}]	2	1
323	2025-12-18 01:37:08.058704+09	131	1800 아네호	2	[{"changed": {"fields": ["\\uc6b0\\uc120\\uc21c\\uc704"]}}]	2	1
324	2025-12-18 01:37:08.06056+09	90	패트론 실버	2	[{"changed": {"fields": ["\\uc6b0\\uc120\\uc21c\\uc704"]}}]	2	1
325	2025-12-18 01:37:08.109626+09	91	패트론 레포사도	2	[{"changed": {"fields": ["\\uc6b0\\uc120\\uc21c\\uc704"]}}]	2	1
326	2025-12-18 01:37:08.112092+09	92	패트론 아네호	2	[{"changed": {"fields": ["\\uc6b0\\uc120\\uc21c\\uc704"]}}]	2	1
327	2025-12-18 01:37:08.114377+09	117	돈 훌리오 블랑코	2	[{"changed": {"fields": ["\\uc6b0\\uc120\\uc21c\\uc704"]}}]	2	1
328	2025-12-18 01:37:08.11652+09	118	돈 훌리오 레포사도	2	[{"changed": {"fields": ["\\uc6b0\\uc120\\uc21c\\uc704"]}}]	2	1
329	2025-12-18 01:37:08.118668+09	119	돈 훌리오 아네호	2	[{"changed": {"fields": ["\\uc6b0\\uc120\\uc21c\\uc704"]}}]	2	1
330	2025-12-18 01:37:59.005975+09	121	메즈칼 인트로	2	[{"changed": {"fields": ["\\uba54\\ub274 \\uc774\\ubbf8\\uc9c0"]}}]	2	1
331	2025-12-18 01:42:42.840884+09	137	치즈케이크 샷	1	[{"added": {}}]	2	1
332	2025-12-18 01:43:18.812603+09	138	데킬라시카	1	[{"added": {}}]	2	1
333	2025-12-18 01:43:44.479581+09	139	불타는 닥터페퍼	1	[{"added": {}}]	2	1
334	2025-12-18 01:44:19.398179+09	140	아이리쉬 카 밤	1	[{"added": {}}]	2	1
335	2025-12-18 01:45:17.187697+09	141	블러디 메리	1	[{"added": {}}]	2	1
336	2025-12-18 01:45:38.466016+09	142	라모스 진 피즈	1	[{"added": {}}]	2	1
337	2025-12-18 01:48:00.110712+09	142	라모스 진 피즈	2	[{"changed": {"fields": ["\\uc6b0\\uc120\\uc21c\\uc704"]}}]	2	1
338	2025-12-18 01:48:00.113343+09	141	블러디 메리	2	[{"changed": {"fields": ["\\uc6b0\\uc120\\uc21c\\uc704"]}}]	2	1
339	2025-12-18 02:35:03.792436+09	50	술맛나는 인트로	2	[{"changed": {"fields": ["\\uba54\\ub274\\uba85(\\uc601\\ubb38)", "\\uba54\\ub274\\uba85", "\\uac00\\uaca9", "\\uba54\\ub274 \\uc124\\uba85"]}}]	2	1
340	2025-12-18 02:35:53.593284+09	143	마티니	1	[{"added": {}}]	2	1
341	2025-12-18 02:36:27.174288+09	144	파우스트	1	[{"added": {}}]	2	1
342	2025-12-18 02:36:52.649782+09	145	카타르시스	1	[{"added": {}}]	2	1
343	2025-12-18 02:37:28.952289+09	146	페니실린	1	[{"added": {}}]	2	1
344	2025-12-18 02:38:05.729967+09	147	압셍트	1	[{"added": {}}]	2	1
345	2025-12-18 02:38:32.08036+09	148	올드 패션드	1	[{"added": {}}]	2	1
346	2025-12-18 02:39:33.602039+09	149	롱 아일랜드 아이스티	1	[{"added": {}}]	2	1
347	2025-12-18 02:40:08.228516+09	150	아디오스 머더퍼커	1	[{"added": {}}]	2	1
348	2025-12-18 02:40:35.850223+09	151	도쿄 아이스티	1	[{"added": {}}]	2	1
349	2025-12-18 02:41:04.62129+09	152	박 사	1	[{"added": {}}]	2	1
350	2025-12-18 02:41:32.672375+09	153	김렛	1	[{"added": {}}]	2	1
351	2025-12-18 02:41:53.510835+09	154	프렌치 김렛	1	[{"added": {}}]	2	1
352	2025-12-18 02:42:19.165124+09	155	러스티 네일	1	[{"added": {}}]	2	1
353	2025-12-18 02:42:41.391649+09	156	네그로니	1	[{"added": {}}]	2	1
354	2025-12-18 02:43:02.841654+09	157	맨해튼	1	[{"added": {}}]	2	1
355	2025-12-18 02:43:23.214077+09	158	블랙 러시안	1	[{"added": {}}]	2	1
356	2025-12-18 02:43:39.041719+09	159	마가리타	1	[{"added": {}}]	2	1
357	2025-12-18 02:43:53.720015+09	160	다이퀴리	1	[{"added": {}}]	2	1
358	2025-12-18 02:44:13.910669+09	161	불바디에	1	[{"added": {}}]	2	1
359	2025-12-18 02:44:34.464128+09	162	갓 파더	1	[{"added": {}}]	2	1
360	2025-12-18 02:44:49.229486+09	163	사제락	1	[{"added": {}}]	2	1
361	2025-12-18 02:45:08.127713+09	164	사이드 카	1	[{"added": {}}]	2	1
362	2025-12-18 02:45:32.929448+09	165	백년 묵은 시가	1	[{"added": {}}]	2	1
363	2025-12-18 02:45:56.133635+09	166	프렌치 커넥션	1	[{"added": {}}]	2	1
364	2025-12-18 02:46:13.208727+09	167	뉴욕	1	[{"added": {}}]	2	1
365	2025-12-18 02:46:29.131953+09	168	정글 버드	1	[{"added": {}}]	2	1
366	2025-12-18 02:46:56.937558+09	169	행키 팽키	1	[{"added": {}}]	2	1
367	2025-12-18 02:47:22.809072+09	170	닥터 킬러	1	[{"added": {}}]	2	1
368	2025-12-18 02:48:45.105071+09	171	위스키 사워	1	[{"added": {}}]	2	1
369	2025-12-18 02:49:15.912098+09	172	피스코 사워	1	[{"added": {}}]	2	1
370	2025-12-18 02:49:37.651207+09	173	미도리 사워	1	[{"added": {}}]	2	1
371	2025-12-18 02:49:59.985459+09	174	부츠스트랩 리키	1	[{"added": {}}]	2	1
372	2025-12-18 02:50:27.722032+09	175	코스모폴리탄	1	[{"added": {}}]	2	1
373	2025-12-18 02:50:55.788751+09	176	레몬드랍 마티니	1	[{"added": {}}]	2	1
374	2025-12-18 02:52:03.230831+09	177	모히또	1	[{"added": {}}]	2	1
375	2025-12-18 02:52:35.730801+09	178	생제르멩 피즈	1	[{"added": {}}]	2	1
376	2025-12-18 02:52:53.554616+09	179	옥보단	1	[{"added": {}}]	2	1
377	2025-12-18 02:53:16.976466+09	180	진 토닉	1	[{"added": {}}]	2	1
379	2025-12-18 02:53:56.373834+09	182	데킬라 썬라이즈	1	[{"added": {}}]	2	1
380	2025-12-18 02:54:17.184818+09	183	모스코 뮬	1	[{"added": {}}]	2	1
381	2025-12-18 02:54:32.328537+09	184	쿠바 리브레	1	[{"added": {}}]	2	1
382	2025-12-18 02:56:23.220245+09	74	달달한 인트로	2	[{"changed": {"fields": ["\\uba54\\ub274\\uba85(\\uc601\\ubb38)", "\\uba54\\ub274\\uba85", "\\uac00\\uaca9", "\\uba54\\ub274 \\uc124\\uba85", "\\uba54\\ub274 \\uc774\\ubbf8\\uc9c0"]}}]	2	1
383	2025-12-18 02:56:42.296655+09	7	칵테일 > 달달한	2	[{"changed": {"fields": ["\\uce74\\ud14c\\uace0\\ub9ac\\uba85(\\ud55c\\uae00)"]}}]	1	1
384	2025-12-18 02:58:17.717057+09	185	상큼한 인트로	1	[{"added": {}}]	2	1
385	2025-12-18 02:59:11.144138+09	50	술맛나는 인트로	2	[{"changed": {"fields": ["\\uba54\\ub274 \\uc774\\ubbf8\\uc9c0"]}}]	2	1
386	2025-12-18 02:59:25.139906+09	185	상큼한 인트로	2	[{"changed": {"fields": ["\\uc6b0\\uc120\\uc21c\\uc704"]}}]	2	1
387	2025-12-18 03:00:18.624171+09	186	재미있는 인트로	1	[{"added": {}}]	2	1
388	2025-12-18 03:13:32.631583+09	187	시그니처 인트로	1	[{"added": {}}]	2	1
389	2025-12-18 03:13:38.971256+09	188	시그니처 인트로	1	[{"added": {}}]	2	1
390	2025-12-18 03:13:47.012748+09	189	시그니처 인트로	1	[{"added": {}}]	2	1
391	2025-12-18 03:15:23.211836+09	188	시그니처 인트로	3		2	1
392	2025-12-18 03:15:23.2119+09	187	시그니처 인트로	3		2	1
393	2025-12-30 16:35:22.841296+09	27	위스키 > 아시아	1	[{"added": {}}]	1	1
394	2025-12-30 16:35:32.327703+09	27	위스키 > 아시아	2	[{"changed": {"fields": ["\\uc6b0\\uc120\\uc21c\\uc704"]}}]	1	1
395	2025-12-30 16:35:52.41179+09	28	위스키 > 기타	1	[{"added": {}}]	1	1
\.


--
-- Data for Name: django_content_type; Type: TABLE DATA; Schema: public; Owner: bidbar_user
--

COPY public.django_content_type (id, app_label, model) FROM stdin;
1	menu	category
2	menu	menuitem
3	menu	sitesettings
4	admin	logentry
5	auth	permission
6	auth	group
7	auth	user
8	contenttypes	contenttype
9	sessions	session
\.


--
-- Data for Name: django_migrations; Type: TABLE DATA; Schema: public; Owner: bidbar_user
--

COPY public.django_migrations (id, app, name, applied) FROM stdin;
1	contenttypes	0001_initial	2025-11-20 17:55:52.664589+09
2	auth	0001_initial	2025-11-20 17:55:52.8418+09
3	admin	0001_initial	2025-11-20 17:55:52.867131+09
4	admin	0002_logentry_remove_auto_add	2025-11-20 17:55:52.91958+09
5	admin	0003_logentry_add_action_flag_choices	2025-11-20 17:55:52.928545+09
6	contenttypes	0002_remove_content_type_name	2025-11-20 17:55:52.948309+09
7	auth	0002_alter_permission_name_max_length	2025-11-20 17:55:52.958139+09
8	auth	0003_alter_user_email_max_length	2025-11-20 17:55:53.014738+09
9	auth	0004_alter_user_username_opts	2025-11-20 17:55:53.024258+09
10	auth	0005_alter_user_last_login_null	2025-11-20 17:55:53.034374+09
11	auth	0006_require_contenttypes_0002	2025-11-20 17:55:53.036284+09
12	auth	0007_alter_validators_add_error_messages	2025-11-20 17:55:53.044733+09
13	auth	0008_alter_user_username_max_length	2025-11-20 17:55:53.105347+09
14	auth	0009_alter_user_last_name_max_length	2025-11-20 17:55:53.116033+09
15	auth	0010_alter_group_name_max_length	2025-11-20 17:55:53.128793+09
16	auth	0011_update_proxy_permissions	2025-11-20 17:55:53.139125+09
17	auth	0012_alter_user_first_name_max_length	2025-11-20 17:55:53.215376+09
18	menu	0001_initial	2025-11-20 17:55:53.326753+09
19	menu	0002_alter_category_name	2025-11-20 17:55:53.341264+09
20	menu	0003_remove_menuitem_describe_image	2025-11-20 17:55:53.348426+09
21	menu	0004_category_category_image_category_display_type	2025-11-20 17:55:53.40395+09
22	menu	0005_remove_category_category_image_and_more	2025-11-20 17:55:53.413628+09
23	menu	0006_menuitem_menu_image	2025-11-20 17:55:53.41885+09
24	menu	0007_sitesettings	2025-11-20 17:55:53.427087+09
25	menu	0008_alter_menuitem_options_menuitem_priority	2025-11-20 17:55:53.435326+09
26	menu	0009_alter_category_options_category_priority	2025-11-20 17:55:53.443316+09
27	menu	0010_sitesettings_intro_video	2025-11-20 17:55:53.447092+09
28	menu	0011_category_category_image	2025-11-20 17:55:53.503326+09
29	menu	0012_menuitem_name_en	2025-11-20 17:55:53.509401+09
30	menu	0013_sitesettings_menu_description_font_and_more	2025-11-20 17:55:53.523393+09
31	menu	0014_sitesettings_menu_description_color_and_more	2025-11-20 17:55:53.552044+09
32	menu	0015_alter_sitesettings_menu_description_font_and_more	2025-11-20 17:55:53.613365+09
33	menu	0016_sitesettings_side_image	2025-11-20 17:55:53.617584+09
34	sessions	0001_initial	2025-11-20 17:55:53.633689+09
35	menu	0017_sitesettings_menu_description_size_and_more	2025-12-02 17:35:04.666306+09
36	menu	0018_sitesettings_menu_description_bold_and_more	2025-12-02 17:35:04.76767+09
37	menu	0019_alter_menuitem_price	2025-12-05 21:33:28.880274+09
38	menu	0020_category_hide_side_image	2025-12-07 17:59:22.95464+09
39	menu	0019_category_hide_side_image_alter_menuitem_price	2025-12-07 18:57:54.750447+09
40	menu	0020_alter_menuitem_price	2025-12-08 11:11:01.980724+09
41	menu	0019_category_hide_side_image_category_name_en_and_more	2025-12-17 17:15:36.528726+09
42	menu	0021_merge_20251217_1715	2025-12-17 17:15:37.848231+09
43	menu	0022_alter_category_name	2025-12-17 18:59:49.528044+09
\.


--
-- Data for Name: django_session; Type: TABLE DATA; Schema: public; Owner: bidbar_user
--

COPY public.django_session (session_key, session_data, expire_date) FROM stdin;
6802eyv3xdycrtsudckgjv08xzlp4pya	.eJxVjEEOwiAQRe_C2hAmdIC4dO8ZyDBMpWogKe2q8e6GpAvd_vfeP1SkfStx77LGJaurAnX53RLxS-oA-Un10TS3uq1L0kPRJ-363rK8b6f7d1Col1GzM1ZAAJkMGCeEk3WCljz5nBmDRSBK6MCEOYBjmzx4nmkymDGpzxfjWDfh:1vLdr5:-8SAPqifiaNswHnk5KSwbKt1HmSfYh9M4LeJLG1lTko	2025-12-03 17:47:59.269+09
aw2bq9bl6a648didt6055oak85qarpl2	.eJxVjEEOwiAQRe_C2hAmdIC4dO8ZyDBMpWogKe2q8e6GpAvd_vfeP1SkfStx77LGJaurAnX53RLxS-oA-Un10TS3uq1L0kPRJ-363rK8b6f7d1Col1GzM1ZAAJkMGCeEk3WCljz5nBmDRSBK6MCEOYBjmzx4nmkymDGpzxfjWDfh:1vLyWV:h0Rg9dFQKzVvCkR3pDAeyBiL0u3nxu5xHL6DKUkpiEQ	2025-12-04 15:52:07.588+09
mw2pymwp7hbaq7k3wzhz8rgrj5x66n0q	.eJxVjEEOwiAQRe_C2hAmdIC4dO8ZyDBMpWogKe2q8e6GpAvd_vfeP1SkfStx77LGJaurAnX53RLxS-oA-Un10TS3uq1L0kPRJ-363rK8b6f7d1Col1GzM1ZAAJkMGCeEk3WCljz5nBmDRSBK6MCEOYBjmzx4nmkymDGpzxfjWDfh:1vLzAP:jMyuDobN0rsQO_Gijau8eXk-dzHEx7auluoF24wH4bQ	2025-12-04 16:33:21.732+09
u77agldhovc6zc2uh481ijamsbi5d5nm	.eJxVjEEOwiAQRe_C2hAmdIC4dO8ZyDBMpWogKe2q8e6GpAvd_vfeP1SkfStx77LGJaurAnX53RLxS-oA-Un10TS3uq1L0kPRJ-363rK8b6f7d1Col1GzM1ZAAJkMGCeEk3WCljz5nBmDRSBK6MCEOYBjmzx4nmkymDGpzxfjWDfh:1vLdz6:lz8jU73L35eUNcj51Xwrt3UjHoFZfhRbqxpZiUUWDd4	2025-12-03 17:56:16.724+09
x3vlahsf364awdqrdd4h1cm9pbmjohs6	.eJxVjEEOwiAQRe_C2hAmdIC4dO8ZyDBMpWogKe2q8e6GpAvd_vfeP1SkfStx77LGJaurAnX53RLxS-oA-Un10TS3uq1L0kPRJ-363rK8b6f7d1Col1GzM1ZAAJkMGCeEk3WCljz5nBmDRSBK6MCEOYBjmzx4nmkymDGpzxfjWDfh:1vLc2k:WaQGDPuzAb-S-oJf2fmxY4xBpl9a7Ye8PsOprbPr00o	2025-12-03 15:51:54.225+09
opn2rb5m5x07hir3zd933nhzlhd0gggk	.eJxVjMsOwiAUBf-FtSFcCkJduu83kPsAqZo2Ke3K-O_apAvdnpk5L5VwW2vaWl7SKOqiQJ1-N0J-5GkHcsfpNmuep3UZSe-KPmjTwyz5eT3cv4OKrX7rDnMw2BVHHK0rGCCABXO2VJBN5xCkZ29KtOA9E4sDQWKm6HvKgur9AeugOMc:1vQRYr:rf-5nyEXavMC0S2BYcrQyc05p61DuK5A4eS-U0MwL6I	2025-12-16 23:41:01.273241+09
9u9o5bn283o6asdkip0v59owa7upgahi	.eJxVjMsOwiAUBf-FtSFcCkJduu83kPsAqZo2Ke3K-O_apAvdnpk5L5VwW2vaWl7SKOqiQJ1-N0J-5GkHcsfpNmuep3UZSe-KPmjTwyz5eT3cv4OKrX7rDnMw2BVHHK0rGCCABXO2VJBN5xCkZ29KtOA9E4sDQWKm6HvKgur9AeugOMc:1vQp2E:gMCrBrLz63MG33eIFmAiwjnXsE51xjirWtbaXu-issM	2025-12-18 00:44:54.731694+09
ie2s5x3ut62ciyd2wj5w7dif6ipzh4ua	.eJxVjMsOwiAUBf-FtSFcCkJduu83kPsAqZo2Ke3K-O_apAvdnpk5L5VwW2vaWl7SKOqiQJ1-N0J-5GkHcsfpNmuep3UZSe-KPmjTwyz5eT3cv4OKrX7rDnMw2BVHHK0rGCCABXO2VJBN5xCkZ29KtOA9E4sDQWKm6HvKgur9AeugOMc:1vQq2a:lgYQqgvIPZVcXJRzHnyYWHtFctVfMp3SM8s76kWtFu8	2025-12-18 01:49:20.455398+09
5dn02ui1g1qi3jf0iqb7dcskutiw9rnl	.eJxVjMsOwiAUBf-FtSFcCkJduu83kPsAqZo2Ke3K-O_apAvdnpk5L5VwW2vaWl7SKOqiQJ1-N0J-5GkHcsfpNmuep3UZSe-KPmjTwyz5eT3cv4OKrX7rDnMw2BVHHK0rGCCABXO2VJBN5xCkZ29KtOA9E4sDQWKm6HvKgur9AeugOMc:1vRIGr:V9YClnWMKfc9-L4tiMhUCoOS0OZ7Ti_Wlf7a8Okv-rw	2025-12-19 07:57:57.257367+09
ff04vgvstntn9msxq2eqy7p681n37m2v	.eJxVjMsOwiAUBf-FtSFcCkJduu83kPsAqZo2Ke3K-O_apAvdnpk5L5VwW2vaWl7SKOqiQJ1-N0J-5GkHcsfpNmuep3UZSe-KPmjTwyz5eT3cv4OKrX7rDnMw2BVHHK0rGCCABXO2VJBN5xCkZ29KtOA9E4sDQWKm6HvKgur9AeugOMc:1vROaO:22k040_26tbG2X5NkDqEJc2e0CP_4XIr-WVGxErgbcs	2025-12-19 14:42:32.311744+09
ato3jp1x6vukasb36xgwfjqa7uzlr5jb	.eJxVjMsOwiAUBf-FtSFcCkJduu83kPsAqZo2Ke3K-O_apAvdnpk5L5VwW2vaWl7SKOqiQJ1-N0J-5GkHcsfpNmuep3UZSe-KPmjTwyz5eT3cv4OKrX7rDnMw2BVHHK0rGCCABXO2VJBN5xCkZ29KtOA9E4sDQWKm6HvKgur9AeugOMc:1vROaP:2PT69RBDaJFNwcvszNR54N55_OdIuKGXOoKozfyPP60	2025-12-19 14:42:33.32462+09
ovuquhxy1gy0mzkk4c97ul64uwut94tw	.eJxVjMsOwiAUBf-FtSFcCkJduu83kPsAqZo2Ke3K-O_apAvdnpk5L5VwW2vaWl7SKOqiQJ1-N0J-5GkHcsfpNmuep3UZSe-KPmjTwyz5eT3cv4OKrX7rDnMw2BVHHK0rGCCABXO2VJBN5xCkZ29KtOA9E4sDQWKm6HvKgur9AeugOMc:1vRouE:5s6MiRftf-94IPR_E0rt4obIpfDmEf1u9J7evrR84BM	2025-12-20 18:48:46.516188+09
m60umuaabmwkrpsjmwfkruex0byb2m0l	.eJxVjMsOwiAUBf-FtSFcCkJduu83kPsAqZo2Ke3K-O_apAvdnpk5L5VwW2vaWl7SKOqiQJ1-N0J-5GkHcsfpNmuep3UZSe-KPmjTwyz5eT3cv4OKrX7rDnMw2BVHHK0rGCCABXO2VJBN5xCkZ29KtOA9E4sDQWKm6HvKgur9AeugOMc:1vSAew:DK__WW4sL_iRvRki2XnEg88gczX0kbkZKU_EgmnxaKg	2025-12-21 18:02:26.734306+09
7sy2ojqmcki28is96wq6e38s5du4dnqf	.eJxVjMsOwiAUBf-FtSFcCkJduu83kPsAqZo2Ke3K-O_apAvdnpk5L5VwW2vaWl7SKOqiQJ1-N0J-5GkHcsfpNmuep3UZSe-KPmjTwyz5eT3cv4OKrX7rDnMw2BVHHK0rGCCABXO2VJBN5xCkZ29KtOA9E4sDQWKm6HvKgur9AeugOMc:1vTNkN:1CRf8fp26QRbWywKf2dmv7-kB6jEkqb6gj8pkCPDJd4	2025-12-25 02:13:03.159265+09
h8w85atio55jk6ztddyzhzqbp3dr0h23	.eJxVjMsOwiAUBf-FtSFcCkJduu83kPsAqZo2Ke3K-O_apAvdnpk5L5VwW2vaWl7SKOqiQJ1-N0J-5GkHcsfpNmuep3UZSe-KPmjTwyz5eT3cv4OKrX7rDnMw2BVHHK0rGCCABXO2VJBN5xCkZ29KtOA9E4sDQWKm6HvKgur9AeugOMc:1vVhXf:qv4k60SzZQ_B2IF7jS7IcDLYqCfmTvRCw89sr0E9UUA	2025-12-31 11:45:31.512647+09
hg12j95532wif5q94gbqhccz8e9mre02	.eJxVjMsOwiAUBf-FtSFcCkJduu83kPsAqZo2Ke3K-O_apAvdnpk5L5VwW2vaWl7SKOqiQJ1-N0J-5GkHcsfpNmuep3UZSe-KPmjTwyz5eT3cv4OKrX7rDnMw2BVHHK0rGCCABXO2VJBN5xCkZ29KtOA9E4sDQWKm6HvKgur9AeugOMc:1vVm15:_Bf00paldi1X6hwLbipPH3jsrSv4okXOBt-mE3t592o	2025-12-31 16:32:11.331077+09
33yah8lit89n2nnx2gc9resg3ofk8muy	.eJxVjMsOwiAUBf-FtSFcCkJduu83kPsAqZo2Ke3K-O_apAvdnpk5L5VwW2vaWl7SKOqiQJ1-N0J-5GkHcsfpNmuep3UZSe-KPmjTwyz5eT3cv4OKrX7rDnMw2BVHHK0rGCCABXO2VJBN5xCkZ29KtOA9E4sDQWKm6HvKgur9AeugOMc:1vVn5i:tTmLjYz36aqRiTLkb3NAnEH0gaDa18hLw81wg1AZejQ	2025-12-31 17:41:02.628022+09
5bl5a1tumauj8vpihr4dj0bke8tosndd	.eJxVjMsOwiAUBf-FtSFcCkJduu83kPsAqZo2Ke3K-O_apAvdnpk5L5VwW2vaWl7SKOqiQJ1-N0J-5GkHcsfpNmuep3UZSe-KPmjTwyz5eT3cv4OKrX7rDnMw2BVHHK0rGCCABXO2VJBN5xCkZ29KtOA9E4sDQWKm6HvKgur9AeugOMc:1vVnmm:1V8bLd3pCWx9vsFtY08KHOLEIEBsXqdR4ZQChbJXLns	2025-12-31 18:25:32.132497+09
tu4ox45hjvon3uqmjt98ulj6tv2enrvj	.eJxVjMsOwiAUBf-FtSFcCkJduu83kPsAqZo2Ke3K-O_apAvdnpk5L5VwW2vaWl7SKOqiQJ1-N0J-5GkHcsfpNmuep3UZSe-KPmjTwyz5eT3cv4OKrX7rDnMw2BVHHK0rGCCABXO2VJBN5xCkZ29KtOA9E4sDQWKm6HvKgur9AeugOMc:1vVoFe:48ZyK3apyLHBMfNe-znVjTa7QOPQ5JNJHZGQJhcSyNY	2025-12-31 18:55:22.418045+09
wsg0r4cmngqaiofcqmmhphw2bn9gqcmn	.eJxVjMsOwiAUBf-FtSFcCkJduu83kPsAqZo2Ke3K-O_apAvdnpk5L5VwW2vaWl7SKOqiQJ1-N0J-5GkHcsfpNmuep3UZSe-KPmjTwyz5eT3cv4OKrX7rDnMw2BVHHK0rGCCABXO2VJBN5xCkZ29KtOA9E4sDQWKm6HvKgur9AeugOMc:1vVoFe:48ZyK3apyLHBMfNe-znVjTa7QOPQ5JNJHZGQJhcSyNY	2025-12-31 18:55:22.918623+09
k18k8udpsz7bfovmlotz9jvrulgu64g8	.eJxVjMsOwiAUBf-FtSFcCkJduu83kPsAqZo2Ke3K-O_apAvdnpk5L5VwW2vaWl7SKOqiQJ1-N0J-5GkHcsfpNmuep3UZSe-KPmjTwyz5eT3cv4OKrX7rDnMw2BVHHK0rGCCABXO2VJBN5xCkZ29KtOA9E4sDQWKm6HvKgur9AeugOMc:1vVs7T:yp94DsriX4rFcbxp0aJQ7LRXJkWXynMkCWriNKozpJw	2025-12-31 23:03:11.341491+09
iq51wkkd110tateibwit99ig5ba0n8u2	.eJxVjMsOwiAUBf-FtSFcCkJduu83kPsAqZo2Ke3K-O_apAvdnpk5L5VwW2vaWl7SKOqiQJ1-N0J-5GkHcsfpNmuep3UZSe-KPmjTwyz5eT3cv4OKrX7rDnMw2BVHHK0rGCCABXO2VJBN5xCkZ29KtOA9E4sDQWKm6HvKgur9AeugOMc:1vVs7U:qwLWpnADg9SCE-jrn1RaFEVPL376zqVoT6Xst3nI1o4	2025-12-31 23:03:12.805698+09
r38xetxmulnqgd3ub79r8oihewqsn4ks	.eJxVjMsOwiAUBf-FtSFcCkJduu83kPsAqZo2Ke3K-O_apAvdnpk5L5VwW2vaWl7SKOqiQJ1-N0J-5GkHcsfpNmuep3UZSe-KPmjTwyz5eT3cv4OKrX7rDnMw2BVHHK0rGCCABXO2VJBN5xCkZ29KtOA9E4sDQWKm6HvKgur9AeugOMc:1vVvPj:_YAejPcZoDSWoDaXZRyDvIZazC7GtAxyXdQ8gNy32vU	2026-01-01 02:34:15.236046+09
db1g7rebydi5qkl9uxc0cehie2wc6uwq	.eJxVjMsOwiAUBf-FtSFcCkJduu83kPsAqZo2Ke3K-O_apAvdnpk5L5VwW2vaWl7SKOqiQJ1-N0J-5GkHcsfpNmuep3UZSe-KPmjTwyz5eT3cv4OKrX7rDnMw2BVHHK0rGCCABXO2VJBN5xCkZ29KtOA9E4sDQWKm6HvKgur9AeugOMc:1vZ2FL:jCb7d5dCXAn23LDgLp7jK6fi6z0RkKdP_d-4Xyn1EQ8	2026-01-09 16:28:23.033576+09
garkty9gngqzxiauxrinfke5nuh4j9at	.eJxVjMsOwiAUBf-FtSFcCkJduu83kPsAqZo2Ke3K-O_apAvdnpk5L5VwW2vaWl7SKOqiQJ1-N0J-5GkHcsfpNmuep3UZSe-KPmjTwyz5eT3cv4OKrX7rDnMw2BVHHK0rGCCABXO2VJBN5xCkZ29KtOA9E4sDQWKm6HvKgur9AeugOMc:1vZ2FM:WMCHUR9k69oEX57crnJ_1Ik8Vs5FWCzrj8qDvYe3-oM	2026-01-09 16:28:24.142182+09
8nrf0s47tpoiewyasawxalvh3rjkvt1n	.eJxVjMsOwiAUBf-FtSFcCkJduu83kPsAqZo2Ke3K-O_apAvdnpk5L5VwW2vaWl7SKOqiQJ1-N0J-5GkHcsfpNmuep3UZSe-KPmjTwyz5eT3cv4OKrX7rDnMw2BVHHK0rGCCABXO2VJBN5xCkZ29KtOA9E4sDQWKm6HvKgur9AeugOMc:1vcFiQ:a2fMjQEUh6_xem1he2TEgDHlelCSX2_daB5-DwE0TQY	2026-01-18 13:27:42.197327+09
\.


--
-- Data for Name: menu_category; Type: TABLE DATA; Schema: public; Owner: bidbar_user
--

COPY public.menu_category (id, name, parent_id, priority, category_image, hide_side_image, name_en) FROM stdin;
8	술맛 나는	1	3		f	Spirit-Forward
26	위스키 인트로	5	-1	category_images/위스키_인트로_SMou5DN.png	f	
21	식사 메뉴	\N	1		t	Dish
1	칵테일	\N	2		f	Cocktails
5	위스키	\N	3		f	Whiskeys
3	데킬라 / 메즈칼	\N	4		f	Tequila / Mezcal
6	진 / 럼	\N	5		f	Gin / Rum
7	달달한	1	1		f	Sweet
27	아시아	5	5		f	Asia
28	기타	5	6		f	Etc
23	인트로	1	-1	category_images/칵테일_인트로_l43s1AT_7T3Eu3I_kOo5Chp.png	f	Intro
10	스코틀랜드	5	0		f	Scotch
2	시그니처	1	0		t	Signature
12	아일랜드	5	1		f	Irish
11	미국	5	2		f	American
9	상큼한	1	2		f	Refreshing
15	유럽	5	4		f	Europe
17	재미있는	1	4		f	Funny
\.


--
-- Data for Name: menu_menuitem; Type: TABLE DATA; Schema: public; Owner: bidbar_user
--

COPY public.menu_menuitem (id, name, price, description, notes, is_available, created_at, updated_at, category_id, menu_image, priority, name_en) FROM stdin;
63	그래스호퍼	1.4	Mint, Cacao, Chocolate, Creamy ,Foam ,Served-Up		t	2025-12-04 02:01:59.868842+09	2025-12-08 11:13:15.33051+09	7		0	GrassHopper
93	시그니처1	시그니처1	시그니처1		t	2025-12-17 20:12:58.537508+09	2025-12-17 20:12:58.53753+09	2	menu_images/테스트_배경1.png	1	시그니처1
74	달달한 인트로	달달한 인트로	달달한 인트로		t	2025-12-04 02:07:10.886301+09	2025-12-18 02:56:23.215949+09	7	menu_images/달달한_칵테일_N8VXiIl.png	-1	달달한 인트로
94	시그니처2	시그니처2	시그니처2		t	2025-12-17 20:13:20.450194+09	2025-12-17 20:13:20.450213+09	2	menu_images/테스트_배경2.png	2	시그니처2
59	그린 피즈	1.4	-		t	2025-12-04 02:00:07.133523+09	2025-12-08 11:54:57.036966+09	7		0	Green Fizz
57	깔루아 밀크	1.4	Coffee ,Cream ,Milk ,Cinamon ,Chocolate		t	2025-12-04 01:59:22.97044+09	2025-12-08 11:54:57.038527+09	7		0	Kahlua Milk
66	리치 코코	1.8	-		t	2025-12-04 02:03:05.487284+09	2025-12-08 11:54:57.039811+09	7		0	Lychee CoCo
54	미도리 소다	1.4	Melon, Sweet, Sour, IceCream, Soda, LongDrink		t	2025-12-04 01:57:50.721106+09	2025-12-08 11:54:57.041114+09	7		0	Midori Soda
62	블루 하와이	1.4	-		t	2025-12-04 02:01:31.545773+09	2025-12-08 11:54:57.04249+09	7		0	Blue Hawaii
72	샴보드 사워	1.8	Larspherry, Cherry, Egg white, Sour, Sweet, Served-Up		t	2025-12-04 02:05:32.544622+09	2025-12-08 11:54:57.043758+09	7		0	Chambord Sour
60	섹스 온 더 비치	1.4	-		t	2025-12-04 02:00:34.351212+09	2025-12-08 11:54:57.045179+09	7		0	Sex on the Beach
73	쉐리 코블러	1.8	-		t	2025-12-04 02:05:52.001909+09	2025-12-08 11:54:57.04781+09	7		0	Sherry Cobbler
70	아마레또 사워	1.8	-		t	2025-12-04 02:04:51.52339+09	2025-12-08 11:54:57.04908+09	7		0	Amaretto Sour
61	알렉산더	1.6	-		t	2025-12-04 02:01:10.142694+09	2025-12-08 11:54:57.050382+09	7		0	Alexander
71	애플 마티니	1.5	-		t	2025-12-04 02:05:11.13492+09	2025-12-08 11:54:57.051651+09	7		0	Apple Martini
67	에스프레소 마티니	1.6	-		t	2025-12-04 02:03:33.429212+09	2025-12-08 11:54:57.052866+09	7		0	Espresso Martini
53	준 벅	1.6	-		t	2025-12-04 01:57:23.81632+09	2025-12-08 11:54:57.05417+09	7		0	June Bug
58	카카오 피즈	1.2	-		t	2025-12-04 01:59:43.825916+09	2025-12-08 11:54:57.055409+09	7		0	Kakao Fizz
69	콰이페 피즈	1.3	-		t	2025-12-04 02:04:29.385695+09	2025-12-08 11:54:57.056817+09	7		0	KwaiFeh Fizz
64	킹스톤 클럽	1.8	-		t	2025-12-04 02:02:23.162864+09	2025-12-08 11:54:57.058049+09	7		0	Kingston Club
55	피나 콜라다	1.8	-		t	2025-12-04 01:58:19.253418+09	2025-12-08 11:54:57.059328+09	7		0	Pina Colada
56	피치 크러쉬	1.2	-		t	2025-12-04 01:58:41.441003+09	2025-12-08 11:54:57.060743+09	7		0	Peach Crush
65	핫 토디	2.2	-		t	2025-12-04 02:02:44.282428+09	2025-12-08 11:54:57.074126+09	7		0	Hot Toddy
68	화이트 블라썸	1.8	-		t	2025-12-04 02:04:00.856678+09	2025-12-08 11:54:57.075985+09	7		0	White Blossom
76	누룽지니 포르치니	0	-		t	2025-12-17 17:30:59.233002+09	2025-12-17 17:30:59.233025+09	21	menu_images/누룽지니_포르치니.png	1	NuRungJiNi Porchini
79	엔초비 파스타	0	-		t	2025-12-17 17:32:36.537463+09	2025-12-17 17:32:36.537483+09	21	menu_images/엔쵸비_파스타.png	3	Anchovy Pasta
78	라구 파스타	0	-		t	2025-12-17 17:32:07.823406+09	2025-12-17 17:32:58.940052+09	21	menu_images/라구파스타_W6h1QkR_EQq2TZL.png	2	Ragu Pasta
75	식사인트로	0.0	-		t	2025-12-04 22:54:27.722487+09	2025-12-17 17:37:53.006963+09	21	menu_images/식사_인트로.png	-1	FoodIntro
50	술맛나는 인트로	술맛나는 인트로	술맛나는 인트로	기타사항	t	2025-11-20 20:50:43.633272+09	2025-12-18 02:59:11.142278+09	8	menu_images/달달한_칵테일_4hjZQnv.png	-1	술맛나는 인트로
95	시그니처3	시그니처3	시그니처3		t	2025-12-17 20:13:46.919196+09	2025-12-17 20:13:46.919218+09	2	menu_images/테스트_배경1_9hctk0f.png	3	시그니처3
83	에라두라 플라타	8.0	-		t	2025-12-17 18:40:54.61763+09	2025-12-17 18:40:54.617649+09	3		2	Herradura Plata
82	호세 쿠엘보 에스파샬	5.0 / 99.0	-		t	2025-12-17 18:36:10.282655+09	2025-12-17 18:50:52.810668+09	3		1	Jose Cuervo Especial
97	시그니처4	시그니처4	시그니처4		t	2025-12-17 20:14:18.611928+09	2025-12-17 20:14:18.611948+09	2	menu_images/테스트_배경2_b72jVNa.png	4	시그니처4
85	보타니스트	9.0	-		t	2025-12-17 18:43:31.369502+09	2025-12-17 20:18:06.905202+09	6		1	the Botanist
100	르 진	8.0	-		t	2025-12-17 20:19:25.114581+09	2025-12-17 20:21:24.337643+09	6		3	le Gin
102	몽키 47	16.0	-		t	2025-12-17 20:20:24.036819+09	2025-12-17 20:21:24.340329+09	6		6	Monkey 47
98	미라보 드라이 진	16.0	-		t	2025-12-17 20:18:36.69222+09	2025-12-17 20:21:24.342073+09	6		2	Mirabeau Dry Gin
101	봄베이 사파이어	6.0	-		t	2025-12-17 20:20:04.939996+09	2025-12-17 20:21:24.343739+09	6		5	Bombay Sapphaire
103	핸드릭스	10.0	-		t	2025-12-17 20:20:49.369938+09	2025-12-17 20:21:24.345505+09	6		7	Hendrick's
99	산토리 수이 진	6.0	-		t	2025-12-17 20:19:04.220377+09	2025-12-17 20:22:09.515914+09	6		4	Sentori Sui Gin
105	핸드릭스 그랜드 카바레	10.0	-		t	2025-12-17 20:23:11.615743+09	2025-12-17 20:23:26.508444+09	6		9	Hendrick's Grand Cabaret
104	핸드릭스 플로라 아도라	10.0	-		t	2025-12-17 20:22:39.802185+09	2025-12-17 20:23:26.51133+09	6		8	Hendrick's Flora Adora
107	플랜테이션 파인애플	8.0	-		t	2025-12-17 20:25:22.700229+09	2025-12-17 20:25:22.700246+09	6		11	Plantation Pineapple
108	고슬링스	8.0	-		t	2025-12-17 20:25:54.104719+09	2025-12-17 20:25:54.104738+09	6		12	Goslings
109	골드 오브 모리셔스	9.0	-		t	2025-12-17 20:26:20.449057+09	2025-12-17 20:26:20.449074+09	6		13	Gold of Mauritius
110	애플톤 에스테이트 레어 블렌드	10.0	-		t	2025-12-17 20:26:54.739702+09	2025-12-17 20:26:54.739719+09	6		14	Appleton Estate Rare Blend
111	디플로마티코	11.0	-		t	2025-12-17 20:35:16.934645+09	2025-12-17 20:35:16.934663+09	6		15	Diplomatico
87	진 인트로	진 인트로	진 인트로		t	2025-12-17 18:48:47.727415+09	2025-12-17 20:33:54.233915+09	6	menu_images/진_인트로.png	-1	진 인트로
106	럼 인트로	럼 인트로	럼 인트로		t	2025-12-17 20:24:51.059324+09	2025-12-17 20:34:12.729118+09	6	menu_images/럼_인트로.png	10	럼 인트로
112	스미스 앤 크로스	13.0	-		t	2025-12-17 20:35:43.141426+09	2025-12-17 20:35:43.141442+09	6		16	Smith & Cross
84	818 테킬라 블랑코	14.0	-		t	2025-12-17 18:41:23.829459+09	2025-12-18 01:37:08.051237+09	3		5	818 Tequila Blanco
89	818 데킬라 레포사도	19.0	-		t	2025-12-17 19:08:41.479426+09	2025-12-18 01:37:08.054239+09	3		6	818 Tequila Reposado
113	범부	14.0	-		t	2025-12-17 20:36:05.250359+09	2025-12-17 20:36:05.250375+09	6		17	Bumbu
114	론 자카파23	14.0	-		t	2025-12-17 20:36:31.884815+09	2025-12-17 20:36:31.884832+09	6		18	Ran Zacapa 23
115	돈 파파 7년	14.0	-		t	2025-12-17 20:37:12.310203+09	2025-12-17 20:37:12.31022+09	6		19	Don Papa 7y
116	돈 파파 10년	22.0	-		t	2025-12-17 20:37:35.481951+09	2025-12-17 20:37:35.481968+09	6		20	Don Papa 10y
86	데킬라 인트로	데킬라 인트로	데킬라 인트로		t	2025-12-17 18:47:25.463865+09	2025-12-18 01:16:07.13906+09	3	menu_images/데킬라_인트로.png	-1	데킬라 인트로
121	메즈칼 인트로	메즈칼 인트로	메즈칼 인트로		t	2025-12-18 01:19:08.278991+09	2025-12-18 01:37:59.002958+09	3	menu_images/메즈칼_인트로.png	100	메즈칼 인트로
137	치즈케이크 샷	6.0	-		t	2025-12-18 01:42:42.839601+09	2025-12-18 01:42:42.839617+09	17		2	CheeseCake Shot
120	클라세 아줄 레포사도	39.0	-		t	2025-12-18 01:18:44.539398+09	2025-12-18 01:33:19.734061+09	3		16	Clase Azul Reposado
138	데킬라시카	6.0	-		t	2025-12-18 01:43:18.811291+09	2025-12-18 01:43:18.811309+09	17		3	Tequilaschka
139	불타는 닥터페퍼	8.0	-		t	2025-12-18 01:43:44.478359+09	2025-12-18 01:43:44.478378+09	17		4	Flaming Dr.Pepper
140	아이리쉬 카 밤	9.0	-		t	2025-12-18 01:44:19.396796+09	2025-12-18 01:44:19.396813+09	17		5	Irish Car Bomb
129	시에테 미스테리오스 도바-예	19.0	-		t	2025-12-18 01:23:47.532399+09	2025-12-18 01:33:19.740653+09	3		110	Siete Misterios Doba-Yej
122	몬테 알반	7.0	-		t	2025-12-18 01:19:43.139765+09	2025-12-18 01:25:59.350889+09	3		101	Monte Alban
123	데룸베스 듀랑고	9.0	-		t	2025-12-18 01:20:10.796637+09	2025-12-18 01:25:59.402568+09	3		102	Derrumbes Durango
124	데룸베스 와하까	12.0	-		t	2025-12-18 01:20:37.252001+09	2025-12-18 01:25:59.405754+09	3		103	Derrumbes Oaxaca
125	데룸베스 산 루이스 포토시	12.0	-		t	2025-12-18 01:21:09.821008+09	2025-12-18 01:25:59.407978+09	3		104	Derrumbes San Louis Potosi
142	라모스 진 피즈	50.0	-		t	2025-12-18 01:45:38.464609+09	2025-12-18 01:48:00.109225+09	17		8	Ramos Gin Fizz
141	블러디 메리	16.0	-		t	2025-12-18 01:45:17.186468+09	2025-12-18 01:48:00.112134+09	17		7	Bloody Mary
143	마티니	16.0	-		t	2025-12-18 02:35:53.592017+09	2025-12-18 02:35:53.592034+09	8		0	Martini
144	파우스트	14.0	-		t	2025-12-18 02:36:27.173085+09	2025-12-18 02:36:27.173101+09	8		0	Faust
135	도나 셀리아 레포사도	23.0	-		t	2025-12-18 01:30:26.144316+09	2025-12-18 01:33:19.715316+09	3		14	Dona Celia Reposado
134	도나 셀리아 블랑코	19.0	-		t	2025-12-18 01:30:00.172495+09	2025-12-18 01:33:19.716982+09	3		13	Dona Celia Blanco
136	도나 셀리아 아네호	29.0	-		t	2025-12-18 01:30:48.330107+09	2025-12-18 01:33:19.718657+09	3		15	Dona Celia Anejo
133	마드레 메즈칼 앙상블	12.0	-		t	2025-12-18 01:29:14.129595+09	2025-12-18 01:33:19.720311+09	3		106	Madre Mezcal Ensamble
132	마드레 메즈칼 에스파딘	10.0	-		t	2025-12-18 01:28:43.541806+09	2025-12-18 01:33:19.721904+09	3		105	Madre Mezcal Espadin
145	카타르시스	14.0	-		t	2025-12-18 02:36:52.648645+09	2025-12-18 02:36:52.648662+09	8		0	Catharsis
126	로스 베치노스 델 캄포 토발라	20.0	-		t	2025-12-18 01:21:52.312117+09	2025-12-18 01:36:11.536725+09	3		109	Los Vecinos del Campo Tobala
127	로스 베치노스 델 캄포 에스파딘	15.0	-		t	2025-12-18 01:22:34.750313+09	2025-12-18 01:36:11.539213+09	3		107	Los Vecinos del Campo Espadín
128	로스 베치노스 델 캄포 앙상블 넘버원	16.0	-		t	2025-12-18 01:23:15.239206+09	2025-12-18 01:36:11.540802+09	3		108	Los Vecinos del Campo Ensamble No.1
130	1800 블랑코	9.0	-		t	2025-12-18 01:27:36.029419+09	2025-12-18 01:37:08.056072+09	3		3	1800 Blanco
131	1800 아네호	13.0	-		t	2025-12-18 01:28:09.37039+09	2025-12-18 01:37:08.057815+09	3		4	1800 Anejo
90	패트론 실버	16.0	-		t	2025-12-17 19:09:20.441116+09	2025-12-18 01:37:08.059557+09	3		10	Patron Silver
91	패트론 레포사도	18.0	-		t	2025-12-17 19:09:51.433452+09	2025-12-18 01:37:08.107934+09	3		11	Patron Reposado
92	패트론 아네호	19.0	-		t	2025-12-17 19:10:18.339375+09	2025-12-18 01:37:08.11067+09	3		12	Petron Anejo
117	돈 훌리오 블랑코	11.0	-		t	2025-12-18 01:17:10.147334+09	2025-12-18 01:37:08.113132+09	3		7	Don Julio Blanco
118	돈 훌리오 레포사도	15.0	-		t	2025-12-18 01:17:47.051849+09	2025-12-18 01:37:08.115373+09	3		8	Don Julio Reposado
119	돈 훌리오 아네호	16.0	-		t	2025-12-18 01:18:15.54876+09	2025-12-18 01:37:08.117595+09	3		9	Don Julio Anejo
146	페니실린	18.0	-		t	2025-12-18 02:37:28.950755+09	2025-12-18 02:37:28.950771+09	8		0	Penicillin
147	압셍트	9.0	-		t	2025-12-18 02:38:05.728764+09	2025-12-18 02:38:05.728782+09	8		0	Absinthe
148	올드 패션드	16.0	-		t	2025-12-18 02:38:32.078233+09	2025-12-18 02:38:32.07825+09	8		0	Old Fashioned
149	롱 아일랜드 아이스티	16.0	-		t	2025-12-18 02:39:33.600891+09	2025-12-18 02:39:33.600907+09	8		0	Long Island IceTea
150	아디오스 머더퍼커	16.0	-		t	2025-12-18 02:40:08.225202+09	2025-12-18 02:40:08.225218+09	8		0	Adios MotherFucker
151	도쿄 아이스티	16.0	-		t	2025-12-18 02:40:35.848989+09	2025-12-18 02:40:35.849006+09	8		0	Tokyo IceTea
152	박 사	18.0	-		t	2025-12-18 02:41:04.619907+09	2025-12-18 02:41:04.619924+09	8		0	Bak Sa
153	김렛	14.0	-		t	2025-12-18 02:41:32.664982+09	2025-12-18 02:41:32.664998+09	8		0	Gimlet
154	프렌치 김렛	20.0	-		t	2025-12-18 02:41:53.509565+09	2025-12-18 02:41:53.509582+09	8		0	French Gimlet
155	러스티 네일	22.0	-		t	2025-12-18 02:42:19.163785+09	2025-12-18 02:42:19.163803+09	8		0	Rusty Nail
156	네그로니	15.0	-		t	2025-12-18 02:42:41.390339+09	2025-12-18 02:42:41.390356+09	8		0	Negroni
157	맨해튼	18.0	-		t	2025-12-18 02:43:02.840317+09	2025-12-18 02:43:02.840335+09	8		0	Manhatten
158	블랙 러시안	14.0	-		t	2025-12-18 02:43:23.212652+09	2025-12-18 02:43:23.21267+09	8		0	Black Russian
159	마가리타	14.0	-		t	2025-12-18 02:43:39.040134+09	2025-12-18 02:43:39.040171+09	8		0	Margarita
160	다이퀴리	16.0	-		t	2025-12-18 02:43:53.718757+09	2025-12-18 02:43:53.718774+09	8		0	Daiquiri
161	불바디에	22.0	-		t	2025-12-18 02:44:13.9091+09	2025-12-18 02:44:13.909118+09	8		0	Boulevardier
162	갓 파더	16.0	-		t	2025-12-18 02:44:34.460628+09	2025-12-18 02:44:34.460647+09	8		0	God Father
163	사제락	26.0	-		t	2025-12-18 02:44:49.228039+09	2025-12-18 02:44:49.228057+09	8		0	Sazerac
164	사이드 카	22.0	-		t	2025-12-18 02:45:08.126471+09	2025-12-18 02:45:08.126489+09	8		0	Side Car
165	백년 묵은 시가	25.0	-		t	2025-12-18 02:45:32.928217+09	2025-12-18 02:45:32.928236+09	8		0	100yrs Cigar
166	프렌치 커넥션	22.0	-		t	2025-12-18 02:45:56.132391+09	2025-12-18 02:45:56.132484+09	8		0	French Connection
167	뉴욕	16.0	-		t	2025-12-18 02:46:13.207351+09	2025-12-18 02:46:13.207368+09	8		0	NewYork
168	정글 버드	18.0	-		t	2025-12-18 02:46:29.130556+09	2025-12-18 02:46:29.130573+09	8		0	Jungle Bird
169	행키 팽키	18.0	-		t	2025-12-18 02:46:56.936219+09	2025-12-18 02:46:56.936238+09	8		0	Hanky Panky
170	닥터 킬러	18.0	-		t	2025-12-18 02:47:22.807647+09	2025-12-18 02:47:22.807664+09	8		0	Doctor Killer
171	위스키 사워	18.0	-		t	2025-12-18 02:48:45.103735+09	2025-12-18 02:48:45.103753+09	9		0	Whiskey Sour
172	피스코 사워	18.0	-		t	2025-12-18 02:49:15.910744+09	2025-12-18 02:49:15.91076+09	9		0	Pisco Sour
173	미도리 사워	18.0	-		t	2025-12-18 02:49:37.649854+09	2025-12-18 02:49:37.649871+09	9		0	Midori Sour
174	부츠스트랩 리키	19.0	-		t	2025-12-18 02:49:59.984309+09	2025-12-18 02:49:59.984326+09	9		0	Bootstrap Rickey
175	코스모폴리탄	15.0	-		t	2025-12-18 02:50:27.72081+09	2025-12-18 02:50:27.720826+09	9		0	Cosmopolitan
176	레몬드랍 마티니	15.0	-		t	2025-12-18 02:50:55.787253+09	2025-12-18 02:50:55.78727+09	9		0	LemonDrop Martini
177	모히또	15.0	-		t	2025-12-18 02:52:03.227631+09	2025-12-18 02:52:03.227648+09	9		0	Mojito
178	생제르멩 피즈	18.0	-		t	2025-12-18 02:52:35.729545+09	2025-12-18 02:52:35.729562+09	9		0	St-Geramain Fizz
179	옥보단	13.0	-		t	2025-12-18 02:52:53.553395+09	2025-12-18 02:52:53.553411+09	9		0	Ok Bo Dan
180	진 토닉	13.0	-		t	2025-12-18 02:53:16.975208+09	2025-12-18 02:53:16.975226+09	9		0	Gin Tonic
181	진 피즈	14.0	-		t	2025-12-18 02:53:28.556123+09	2025-12-18 02:53:28.556159+09	9		0	Gin Fizz
182	데킬라 썬라이즈	12.0	-		t	2025-12-18 02:53:56.37267+09	2025-12-18 02:53:56.372687+09	9		0	Tequila Sunrise
183	모스코 뮬	15.0	-		t	2025-12-18 02:54:17.171316+09	2025-12-18 02:54:17.171333+09	9		0	Moscow Mule
184	쿠바 리브레	14.0	-		t	2025-12-18 02:54:32.327302+09	2025-12-18 02:54:32.32732+09	9		0	Cuba Libre
185	상큼한 인트로	상큼한 인트로	상큼한 인트로		t	2025-12-18 02:58:17.715454+09	2025-12-18 02:59:25.138194+09	9	menu_images/달달한_칵테일_mpQfqHb_o5heifA.png	-1	상큼한 인트로
186	재미있는 인트로	재미있는 인트로	재미있는 인트로		t	2025-12-18 03:00:18.622607+09	2025-12-18 03:00:18.622626+09	17	menu_images/달달한_칵테일_5lKfLmO.png	-1	재미있는 인트로
189	시그니처 인트로	시그니처 인트로	시그니처 인트로		t	2025-12-18 03:13:46.967028+09	2025-12-18 03:13:46.967049+09	2	menu_images/시그니처_인트로_r2XqN5r.png	0	시그니처 인트로
190	더 글렌리벳 12년	14.0		\N	t	2025-12-30 17:03:50.41016+09	2025-12-30 17:03:50.410184+09	10		0	the GlenLivet 12y
191	더 글렌리벳 15년	20.0		\N	t	2025-12-30 17:03:50.420865+09	2025-12-30 17:03:50.420881+09	10		0	the GlenLivet 15y
192	더 글렌리벳 18년	33.0		\N	t	2025-12-30 17:03:50.427452+09	2025-12-30 17:03:50.427467+09	10		0	the GlenLivet 18y
193	더 글렌리벳 16년 나두라	55.0		\N	t	2025-12-30 17:03:50.432875+09	2025-12-30 17:03:50.432888+09	10		0	the GlenLivet 16y Nadura
194	글렌피딕 12년	13.0		\N	t	2025-12-30 17:03:50.439329+09	2025-12-30 17:03:50.439343+09	10		0	GlenFiddich 12y
195	글렌피딕 15년	18.0		\N	t	2025-12-30 17:03:50.444692+09	2025-12-30 17:03:50.444706+09	10		0	GlenFiddich 15y
196	글렌피딕 18년	27.0		\N	t	2025-12-30 17:03:50.450179+09	2025-12-30 17:03:50.450193+09	10		0	GlenFiddich 18y
197	글렌알라키 8년	13.0		\N	t	2025-12-30 17:03:50.50678+09	2025-12-30 17:03:50.506796+09	10		0	GlenAllachie 8y
198	글렌알라키 10년 CS	23.0		\N	t	2025-12-30 17:03:50.529407+09	2025-12-30 17:03:50.529423+09	10		0	GlenAllachie 10y CS
199	글렌알라키 12년	17.0		\N	t	2025-12-30 17:03:50.536054+09	2025-12-30 17:03:50.536069+09	10		0	GlenAllachie 12y
200	글렌알라키 15년	26.0		\N	t	2025-12-30 17:03:50.542363+09	2025-12-30 17:03:50.542377+09	10		0	GlenAllachie 15y
201	더 맥캘란 더블오크 12년	16.0		\N	t	2025-12-30 17:03:50.548441+09	2025-12-30 17:03:50.548454+09	10		0	the Macallan DoubleOak 12y
202	더 맥캘란 쉐리오크 12년	18.0		\N	t	2025-12-30 17:03:50.553641+09	2025-12-30 17:03:50.553654+09	10		0	the Macallan SherryOak 12y
203	더 맥캘란 하모니 아라비카	39.0		\N	t	2025-12-30 17:03:50.558699+09	2025-12-30 17:03:50.558711+09	10		0	the Macallan Harmony Arabica
204	발베니 더블우드 12년	16.0		\N	t	2025-12-30 17:03:50.56464+09	2025-12-30 17:03:50.564654+09	10		0	Balvenie DoubleWood 12y
205	발베니 캐리비안 캐스크 14년	24.0		\N	t	2025-12-30 17:03:50.606767+09	2025-12-30 17:03:50.606783+09	10		0	Balvenie Caribbean Cask 14y
206	발베니 위크 오브 피트	28.0		\N	t	2025-12-30 17:03:50.612764+09	2025-12-30 17:03:50.612779+09	10		0	Balvenie the Week of Peat
207	발베니 더 크리에이션 오브 더 클래식	28.0		\N	t	2025-12-30 17:03:50.618841+09	2025-12-30 17:03:50.618855+09	10		0	Balvenie the Creation of the Classic
208	탐두 12년	16.0		\N	t	2025-12-30 17:03:50.625991+09	2025-12-30 17:03:50.626057+09	10		0	Tamdhu 12y
209	탐두 15년	28.0		\N	t	2025-12-30 17:03:50.632396+09	2025-12-30 17:03:50.632411+09	10		0	Tamdhu 15y
210	벤로막 10년	12.0		\N	t	2025-12-30 17:03:50.637721+09	2025-12-30 17:03:50.637733+09	10		0	Benromach 10y
211	벤로막 15년	23.0		\N	t	2025-12-30 17:03:50.64391+09	2025-12-30 17:03:50.643924+09	10		0	Benromach 15y
212	아벨라워 12년	19.0		\N	t	2025-12-30 17:03:50.648734+09	2025-12-30 17:03:50.648747+09	10		0	Aberlour 12y
213	아벨라워 아브나흐	29.0		\N	t	2025-12-30 17:03:50.65367+09	2025-12-30 17:03:50.653703+09	10		0	Aberlour A'bunadh
214	글렌로티스 12년	13.0		\N	t	2025-12-30 17:03:50.708004+09	2025-12-30 17:03:50.708019+09	10		0	Glenrothes 12y
215	벤리악 12년	14.0		\N	t	2025-12-30 17:03:50.71388+09	2025-12-30 17:03:50.713895+09	10		0	BenRiach 12y
216	글렌파클라스 105	17.0		\N	t	2025-12-30 17:03:50.719485+09	2025-12-30 17:03:50.7195+09	10		0	Glenfarclas 105
217	글렌 그란트 15년	19.0		\N	t	2025-12-30 17:03:50.728007+09	2025-12-30 17:03:50.728023+09	10		0	Glen Grant 15y
218	럼릭 12년 CS	20.0		\N	t	2025-12-30 17:03:50.734961+09	2025-12-30 17:03:50.734975+09	10		0	Lum Reek 12y CS
219	몰트락 16년	21.0		\N	t	2025-12-30 17:03:50.739983+09	2025-12-30 17:03:50.739996+09	10		0	Mortlach 16y
220	노칸두 18년	26.0		\N	t	2025-12-30 17:03:50.744865+09	2025-12-30 17:03:50.744878+09	10		0	Knockando 18y
221	아란 배럴 리저브	10.0		\N	t	2025-12-30 17:03:50.750048+09	2025-12-30 17:03:50.75006+09	10		0	Aran Barrel Reserve
222	아란 10년	15.0		\N	t	2025-12-30 17:03:50.803513+09	2025-12-30 17:03:50.803528+09	10		0	Aran 10y
223	아란 17년	49.0		\N	t	2025-12-30 17:03:50.809342+09	2025-12-30 17:03:50.809357+09	10		0	Aran 17y
224	아란 소테른 캐스크 피니쉬	19.0		\N	t	2025-12-30 17:03:50.814905+09	2025-12-30 17:03:50.81492+09	10		0	Aran Sauterne Cask Finish
225	아란 포트 캐스크 피니쉬	19.0		\N	t	2025-12-30 17:03:50.820622+09	2025-12-30 17:03:50.820637+09	10		0	Aran Port Cask Finish
226	아란 아마로네 캐스크 피니쉬	19.0		\N	t	2025-12-30 17:03:50.82609+09	2025-12-30 17:03:50.826105+09	10		0	Aran Amarone Cask Finish
227	아란 쉐리 피니쉬	21.0		\N	t	2025-12-30 17:03:50.831626+09	2025-12-30 17:03:50.83164+09	10		0	Aran Sherry Finish
228	아란 마크리 무어	21.0		\N	t	2025-12-30 17:03:50.837578+09	2025-12-30 17:03:50.837591+09	10		0	Aran Machrie Moor
229	아란 마크리 무어 CS	24.0		\N	t	2025-12-30 17:03:50.842833+09	2025-12-30 17:03:50.842846+09	10		0	Aran Machrie Moor CS
230	탈리스커 스카이	12.0		\N	t	2025-12-30 17:03:50.848198+09	2025-12-30 17:03:50.84821+09	10		0	Talisker SKY
231	탈리스커 10년	12.0		\N	t	2025-12-30 17:03:50.907894+09	2025-12-30 17:03:50.907909+09	10		0	Talisker 10y
232	탈리스커 스톰	15.0		\N	t	2025-12-30 17:03:50.920037+09	2025-12-30 17:03:50.920054+09	10		0	Talisker Storm
233	탈리스커 와일더 씨	19.0		\N	t	2025-12-30 17:03:50.926501+09	2025-12-30 17:03:50.926518+09	10		0	Talisker Wilder Seas
234	탈리스커 디스탈리스 에디션	24.0		\N	t	2025-12-30 17:03:50.93207+09	2025-12-30 17:03:50.932086+09	10		0	Talisker Distillers Edition
235	레칙 10년	16.0		\N	t	2025-12-30 17:03:50.937608+09	2025-12-30 17:03:50.937621+09	10		0	Ledaig 10y
236	제임슨	6.0		\N	t	2025-12-30 17:03:50.943183+09	2025-12-30 17:03:50.943198+09	12		0	Jameson
237	네터잭 CS	18.0		\N	t	2025-12-30 17:03:50.948928+09	2025-12-30 17:03:50.948942+09	12		0	NatterJack CS
238	레드 브레스트 12년	17.0		\N	t	2025-12-30 17:03:50.983842+09	2025-12-30 17:03:50.983859+09	12		0	Red Breast 12y
239	레드 브레스트 15년	24.0		\N	t	2025-12-30 17:03:51.011804+09	2025-12-30 17:03:51.011819+09	12		0	Red Breast 15y
240	하이 코스트 피트 쉐리 45ppm #1	26.0		\N	t	2025-12-30 17:03:51.018367+09	2025-12-30 17:03:51.018383+09	15		0	High Coast Peat Sherry 45ppm #1
241	하이 코스트 프라이빗 캐스크 #4	26.0		\N	t	2025-12-30 17:03:51.024905+09	2025-12-30 17:03:51.02492+09	15		0	High Coast Private Cask #4
242	하이 코스트 올로로소 11년	29.0		\N	t	2025-12-30 17:03:51.031264+09	2025-12-30 17:03:51.031281+09	15		0	High Coast Oloroso 11y
243	더 위스키 에이전시 글렌 엘긴 12년	32.0		\N	t	2025-12-30 17:03:51.036801+09	2025-12-30 17:03:51.036815+09	10		0	the Whiskey Agency Glen Elgin 12y
244	더 위스키 에이전시 아벨라워 27년	68.0		\N	t	2025-12-30 17:03:51.042399+09	2025-12-30 17:03:51.042412+09	10		0	the Whiskey Agency Aberlour 27y
245	산시바 파이니스트 글렌 버기 12년	30.0		\N	t	2025-12-30 17:03:51.048087+09	2025-12-30 17:03:51.0481+09	10		0	Sansibar Finest Glen Burgie 12y
246	산시바 하이코스트 11년	36.0		\N	t	2025-12-30 17:03:51.053532+09	2025-12-30 17:03:51.053545+09	15		0	Sansibar High Coast 11y
247	조디악 별자리 시리즈 황소자리 글렌 엘긴 14년	33.0		\N	t	2025-12-30 17:03:51.106557+09	2025-12-30 17:03:51.106573+09	10		0	Zodiac Series Taurus Glen Elgin 14y
248	김과장 2 포스퀘어 17년	39.0		\N	t	2025-12-30 17:03:51.11232+09	2025-12-30 17:03:51.112333+09	28		0	Manager Kim 2 FourSquare 17y
249	칸 모어 글렌로티스	36.0		\N	t	2025-12-30 17:03:51.117895+09	2025-12-30 17:03:51.11791+09	10		0	Carn Mor Glen Rothes
250	아드벡 스펙타큘러	27.0		\N	t	2025-12-30 17:03:51.124495+09	2025-12-30 17:03:51.124513+09	10		0	Ardbeg Spectacular
251	산시바 21년	26.0		\N	t	2025-12-30 17:03:51.130941+09	2025-12-30 17:03:51.130955+09	10		0	Sansibar 21y
252	시크릿 오크니 24년 하이랜드 파크	59.0		\N	t	2025-12-30 17:03:51.136736+09	2025-12-30 17:03:51.136751+09	10		0	Secret Orkney 24y Highland Park
253	엘드 바튼 벤 네비스 16년	49.0		\N	t	2025-12-30 17:03:51.142263+09	2025-12-30 17:03:51.142276+09	10		0	Eld Vatten Ben Nevis 16y
254	엘드 바튼 브룩라디 11년	52.0		\N	t	2025-12-30 17:03:51.148506+09	2025-12-30 17:03:51.148519+09	10		0	Eld Vatten Bruichladdich 11y
255	엘드 바튼 크라이겔라키	36.0		\N	t	2025-12-30 17:03:51.220796+09	2025-12-30 17:03:51.220812+09	10		0	Eld Vatten Craigellachie
256	엘드 바튼 블렌디드 8년	19.0		\N	t	2025-12-30 17:03:51.226455+09	2025-12-30 17:03:51.22647+09	10		0	Eld Vatten Blended 8y
257	엘드 바튼 스미겐 10년	49.0		\N	t	2025-12-30 17:03:51.231728+09	2025-12-30 17:03:51.231741+09	15		0	Eld Vatten Smögen 10y
258	노스 스타 글렌 기어리 8년	31.0		\N	t	2025-12-30 17:03:51.237634+09	2025-12-30 17:03:51.237647+09	10		0	North Star Glen Garioch 8y
259	노스 스타 글렌알라키 11년	32.0		\N	t	2025-12-30 17:03:51.242857+09	2025-12-30 17:03:51.242893+09	10		0	North Star GlenAllachie 11y
260	글렌알라키 로튼글라스 시크릿 캐스크	42.0		\N	t	2025-12-30 17:03:51.247905+09	2025-12-30 17:03:51.247918+09	10		0	GlenAllachie RottenGlasses Secret Cask
261	라프로익 10년	13.0		\N	t	2025-12-30 17:03:51.253134+09	2025-12-30 17:03:51.253174+09	10		0	Laphroaig 10y
262	라프로익 쿼터 캐스크	14.0		\N	t	2025-12-30 17:03:51.258353+09	2025-12-30 17:03:51.258365+09	10		0	Laphroaig Quarter Cask
263	라프로익 10년 CS	29.0		\N	t	2025-12-30 17:03:51.305912+09	2025-12-30 17:03:51.305927+09	10		0	Laphroaig 10y CS
264	라가불린 8년	18.0		\N	t	2025-12-30 17:03:51.31726+09	2025-12-30 17:03:51.317277+09	10		0	Lagavulin 8y
265	라가불린 16년	26.0		\N	t	2025-12-30 17:03:51.323373+09	2025-12-30 17:03:51.323387+09	10		0	Lagavulin 16y
266	보모어 12년	12.0		\N	t	2025-12-30 17:03:51.328597+09	2025-12-30 17:03:51.328611+09	10		0	Bowmore 12y
267	보모어 15년	18.0		\N	t	2025-12-30 17:03:51.335076+09	2025-12-30 17:03:51.33509+09	10		0	Bowmore 15y
268	보모어 18년	26.0		\N	t	2025-12-30 17:03:51.340231+09	2025-12-30 17:03:51.340266+09	10		0	Bowmore 18y
269	아드벡 위 비스티	12.0		\N	t	2025-12-30 17:03:51.345387+09	2025-12-30 17:03:51.345399+09	10		0	Ardbeg Wee Beastie
270	아드벡 10	15.0		\N	t	2025-12-30 17:03:51.350497+09	2025-12-30 17:03:51.350509+09	10		0	Ardbeg 10
271	아드벡 언 오	16.0		\N	t	2025-12-30 17:03:51.384912+09	2025-12-30 17:03:51.384928+09	10		0	Ardbeg an oa
272	아드벡 우거다일	23.0		\N	t	2025-12-30 17:03:51.408414+09	2025-12-30 17:03:51.408429+09	10		0	Ardbeg Uigeadail
273	아드벡 코리브레칸	27.0		\N	t	2025-12-30 17:03:51.414624+09	2025-12-30 17:03:51.414639+09	10		0	Ardbeg Corryvreckan
274	아드벡 헤비 베이퍼스	39.0		\N	t	2025-12-30 17:03:51.420851+09	2025-12-30 17:03:51.420866+09	10		0	Ardbeg Heavy Vapours
275	브룩라디 스코티시 발리	16.0		\N	t	2025-12-30 17:03:51.426668+09	2025-12-30 17:03:51.426682+09	10		0	BrookLadie Scottish Barley
276	포트샬롯 10	19.0		\N	t	2025-12-30 17:03:51.432255+09	2025-12-30 17:03:51.432271+09	10		0	Port Charlotte 10
277	포트샬롯 PMC 01	37.0		\N	t	2025-12-30 17:03:51.43752+09	2025-12-30 17:03:51.437535+09	10		0	Port Charlotte PMC 01
278	포트샬롯 PC6	59.0		\N	t	2025-12-30 17:03:51.443562+09	2025-12-30 17:03:51.443575+09	10		0	Port Charlotte PC6
279	옥토모어	49.0 ~ 59.0		\N	t	2025-12-30 17:03:51.44952+09	2025-12-30 17:03:51.449533+09	10		0	Octomore
280	킬호만 마키어 베이	17.0		\N	t	2025-12-30 17:03:51.508736+09	2025-12-30 17:03:51.508759+09	10		0	Kilhoman Machir Bay
281	킬호만 사닉	19.0		\N	t	2025-12-30 17:03:51.514808+09	2025-12-30 17:03:51.514823+09	10		0	Kilhoman Sanaig
282	킬호만 스몰배치 코리안 에디션 배치1	25.0		\N	t	2025-12-30 17:03:51.520883+09	2025-12-30 17:03:51.520897+09	10		0	Kilhoman KOR.edition Batch 1
283	킬호만 로크곰 2023	32.0		\N	t	2025-12-30 17:03:51.539587+09	2025-12-30 17:03:51.539603+09	10		0	Kilhoman Loch Gorm 2023
284	쿨일라 12년	16.0		\N	t	2025-12-30 17:03:51.558071+09	2025-12-30 17:03:51.558086+09	10		0	Caol ila 12y
285	쿨일라 디스탈리스 에디션	22.0		\N	t	2025-12-30 17:03:51.564891+09	2025-12-30 17:03:51.564905+09	10		0	Caol ila Distiller's Edition
286	스모키 스캇	10.0		\N	t	2025-12-30 17:03:51.570082+09	2025-12-30 17:03:51.570097+09	10		0	Smoky Scot
287	부나하벤 12년	15.0		\N	t	2025-12-30 17:03:51.575948+09	2025-12-30 17:03:51.575962+09	10		0	Bunnahabhain 12y
288	일리악 CS	16.0		\N	t	2025-12-30 17:03:51.608861+09	2025-12-30 17:03:51.608877+09	10		0	ileach CS
289	핀라간 CS	18.0		\N	t	2025-12-30 17:03:51.615282+09	2025-12-30 17:03:51.615297+09	10		0	Finlaggan CS
290	고든 앤 맥페일 디스커버리 부나하벤 11년	33.0		\N	t	2025-12-30 17:03:51.622035+09	2025-12-30 17:03:51.622051+09	10		0	Gordon & Macphail Discovery Bunnahabhain 11y
291	카발란 콘서트마스터 포트	24.0		\N	t	2025-12-30 17:03:51.627656+09	2025-12-30 17:03:51.627671+09	27		0	Kavalan ConcerMaster Port
292	카발란 클래식	26.0		\N	t	2025-12-30 17:03:51.633043+09	2025-12-30 17:03:51.633058+09	27		0	Kavalan Classic
293	카발란 트리플 쉐리 캐스크	27.0		\N	t	2025-12-30 17:03:51.638219+09	2025-12-30 17:03:51.638235+09	27		0	Kavalan Triple Sherry Cask
294	카발란 솔리스트 올로로소 쉐리	39.0		\N	t	2025-12-30 17:03:51.643566+09	2025-12-30 17:03:51.643581+09	27		0	Kavalan Solist Oloroso Sherry
295	카발란 솔리스트 포트	39.0		\N	t	2025-12-30 17:03:51.714772+09	2025-12-30 17:03:51.714788+09	27		0	Kavalan Solist Port
296	카발란 솔리스트 비노 바리끄	43.0		\N	t	2025-12-30 17:03:51.720485+09	2025-12-30 17:03:51.7205+09	27		0	Kavalan Solist Vinho Barrique
297	카발란 솔리스트 피노 쉐리	49.0		\N	t	2025-12-30 17:03:51.726085+09	2025-12-30 17:03:51.7261+09	27		0	Kavalan Solist Fino Sherry
298	카발란 솔리스트 마데이라	49.0		\N	t	2025-12-30 17:03:51.731884+09	2025-12-30 17:03:51.731898+09	27		0	Kavalan Solist Madeira
299	글렌 고인 CS 배치 10	26.0		\N	t	2025-12-30 17:03:51.738679+09	2025-12-30 17:03:51.738694+09	10		0	Glen Goyne CS Batch 10
300	글렌 드로낙 12년	14.0		\N	t	2025-12-30 17:03:51.744202+09	2025-12-30 17:03:51.744217+09	10		0	Glen Dronach 12y
301	글렌 드로낙 15년	29.0		\N	t	2025-12-30 17:03:51.819503+09	2025-12-30 17:03:51.819518+09	10		0	Glen Dronach 15y
302	(구형) 글랜드로낙 21년 빌리워커	64.0		\N	t	2025-12-30 17:03:51.82507+09	2025-12-30 17:03:51.825085+09	10		0	(Old) GlenDronach 21y Billy Walker
303	(구형) 글랜드로낙 트레디셔널리 피티드	19.0		\N	t	2025-12-30 17:03:51.83042+09	2025-12-30 17:03:51.830441+09	10		0	GlenDronach Traditionally Peated
304	글렌 드로낙 포트 우드	22.0		\N	t	2025-12-30 17:03:51.836842+09	2025-12-30 17:03:51.836857+09	10		0	Glen Dronach Port Wood
305	글렌 드로낙 CS	29.0		\N	t	2025-12-30 17:03:51.842683+09	2025-12-30 17:03:51.842697+09	10		0	Glen Dronach CS
306	글렌 모렌지 오리지널 10년	12.0		\N	t	2025-12-30 17:03:51.86079+09	2025-12-30 17:03:51.860844+09	10		0	Glen Morangie Original 10y
307	글렌 모렌지 오리지널 12년	13.0		\N	t	2025-12-30 17:03:51.865844+09	2025-12-30 17:03:51.865855+09	10		0	Glen Morangie Original 12y
308	글렌 모렌지 라산타 12년	13.0		\N	t	2025-12-30 17:03:51.870764+09	2025-12-30 17:03:51.870778+09	10		0	Glen Morangie Lasanta 12y
309	글렌 모렌지 퀸타 루반 14년	17.0		\N	t	2025-12-30 17:03:51.903628+09	2025-12-30 17:03:51.903644+09	10		0	Glen Morangie Quinta Ruban 14y
310	글렌 모렌지 넥타 도르 12년	18.0		\N	t	2025-12-30 17:03:51.909225+09	2025-12-30 17:03:51.909275+09	10		0	Glen Morangie Netar d'or 12y
311	글렌 모렌지 더 넥타 16년	20.0		\N	t	2025-12-30 17:03:51.914923+09	2025-12-30 17:03:51.914938+09	10		0	Glen Morangie the Netar 16y
312	글렌 모렌지 18년	31.0		\N	t	2025-12-30 17:03:51.921119+09	2025-12-30 17:03:51.921134+09	10		0	Glen Morangie 18y
313	글렌 모렌지 파이어 & 케인	14.0		\N	t	2025-12-30 17:03:51.926712+09	2025-12-30 17:03:51.926727+09	10		0	Glen Morangie Fire & Cane
314	글렌 모렌지 테일 오브 도쿄	26.0		\N	t	2025-12-30 17:03:51.932183+09	2025-12-30 17:03:51.932198+09	10		0	Glen Morangie Tail of Tokyo
315	글렌 모렌지 시그넷	39.0		\N	t	2025-12-30 17:03:51.937612+09	2025-12-30 17:03:51.937627+09	10		0	Glen Morangie Signet
316	달모어 12년	16.0		\N	t	2025-12-30 17:03:51.943412+09	2025-12-30 17:03:51.943428+09	10		0	Dalmore 12y
317	달모어 12년 셰리 캐스크	21.0		\N	t	2025-12-30 17:03:51.949333+09	2025-12-30 17:03:51.949347+09	10		0	Dalmore 12y Sherry Cask
318	달모어 15년	29.0		\N	t	2025-12-30 17:03:52.008919+09	2025-12-30 17:03:52.008934+09	10		0	Dalmore 15y
319	하이랜드 파크 12년	14.0		\N	t	2025-12-30 17:03:52.015803+09	2025-12-30 17:03:52.01582+09	10		0	HighLand Park 12y
320	(구형) 하이랜드 파크 18년	59.0		\N	t	2025-12-30 17:03:52.021674+09	2025-12-30 17:03:52.021688+09	10		0	(Old) HighLand Park 18y
321	로얄 브라클라 12년	14.0		\N	t	2025-12-30 17:03:52.027117+09	2025-12-30 17:03:52.027131+09	10		0	Royal Brackla 12y
322	달위니 15년	17.0		\N	t	2025-12-30 17:03:52.032894+09	2025-12-30 17:03:52.032909+09	10		0	Dalwhinnie 15y
323	오반 14년	19.0		\N	t	2025-12-30 17:03:52.039185+09	2025-12-30 17:03:52.039201+09	10		0	Oban 14y
324	크라이넬리시 14년	18.0		\N	t	2025-12-30 17:03:52.045049+09	2025-12-30 17:03:52.045063+09	10		0	Clynelish 14y
325	올드 폴트니 15년	27.0		\N	t	2025-12-30 17:03:52.107431+09	2025-12-30 17:03:52.107447+09	10		0	Old Pulteney 15y
326	글렌킨치 12년	15.0		\N	t	2025-12-30 17:03:52.113836+09	2025-12-30 17:03:52.113852+09	10		0	GlenKinchie 12y
327	다프트밀 밀라노 페스티벌 2011	99.0		\N	t	2025-12-30 17:03:52.119852+09	2025-12-30 17:03:52.119867+09	10		0	DaftMill Milano Festival 2011
328	글렌스코시아 더블캐스크	16.0		\N	t	2025-12-30 17:03:52.12587+09	2025-12-30 17:03:52.125885+09	10		0	Glen Scotia Double Cask
329	글렌스코시아 10년	18.0		\N	t	2025-12-30 17:03:52.131881+09	2025-12-30 17:03:52.131897+09	10		0	Glen Scotia 10y
330	롱로우 12년 피티드	26.0		\N	t	2025-12-30 17:03:52.137947+09	2025-12-30 17:03:52.137961+09	10		0	Longrow 12y Peated
331	킬커란 12년	28.0		\N	t	2025-12-30 17:03:52.144077+09	2025-12-30 17:03:52.144092+09	10		0	Kilkerran 12y
332	스프링 뱅크 10년	35.0		\N	t	2025-12-30 17:03:52.203364+09	2025-12-30 17:03:52.20338+09	10		0	SpringBank 10y
333	스프링 뱅크 15년	56.0		\N	t	2025-12-30 17:03:52.209957+09	2025-12-30 17:03:52.209973+09	10		0	SpringBank 15y
334	스프링 뱅크 18년	66.0		\N	t	2025-12-30 17:03:52.216292+09	2025-12-30 17:03:52.216308+09	10		0	SpringBank 18y
335	스프링 뱅크 10년 아몬틸라도	99.0		\N	t	2025-12-30 17:03:52.222693+09	2025-12-30 17:03:52.222708+09	10		0	SpringBank 10y Amontillado
336	메이커스 마크	10.0		\N	t	2025-12-30 17:03:52.229215+09	2025-12-30 17:03:52.229232+09	11		0	Maker's Mark
337	메이커스 마크 46	13.0		\N	t	2025-12-30 17:03:52.235352+09	2025-12-30 17:03:52.235367+09	11		0	Maker's Mark 46
338	메이커스 마크 CS	15.0		\N	t	2025-12-30 17:03:52.242273+09	2025-12-30 17:03:52.242291+09	11		0	Maker's Mark CS
339	버팔로 트레이스	10.0		\N	t	2025-12-30 17:03:52.248456+09	2025-12-30 17:03:52.248471+09	11		0	Buffalo Trace
340	베이즐 헤이든	12.0		\N	t	2025-12-30 17:03:52.30294+09	2025-12-30 17:03:52.302957+09	11		0	Basil Hayden's
341	블랑톤 싱글배럴	26.0		\N	t	2025-12-30 17:03:52.309326+09	2025-12-30 17:03:52.309343+09	11		0	Blanton's Single Barrel
342	1792 스몰 배치	10.0		\N	t	2025-12-30 17:03:52.315074+09	2025-12-30 17:03:52.31509+09	11		0	1792 Small Batch
343	1792 풀 프루프	22.0		\N	t	2025-12-30 17:03:52.320678+09	2025-12-30 17:03:52.320693+09	11		0	1792 Full Proof
344	와일드 터키 101	10.0		\N	t	2025-12-30 17:03:52.326747+09	2025-12-30 17:03:52.326762+09	11		0	Wild Turkey 101
345	와일드 터키 레어 브리드	14.0		\N	t	2025-12-30 17:03:52.332576+09	2025-12-30 17:03:52.332591+09	11		0	Wild Turkey Rare Breed
346	와일드 터키 12년	19.0		\N	t	2025-12-30 17:03:52.338585+09	2025-12-30 17:03:52.338601+09	11		0	Wild Turkey 12y
347	러셀 10년	14.0		\N	t	2025-12-30 17:03:52.344182+09	2025-12-30 17:03:52.344196+09	11		0	Russel's 10y
348	러셀 리저브 싱글배럴	15.0		\N	t	2025-12-30 17:03:52.403776+09	2025-12-30 17:03:52.403791+09	11		0	Russel's Reserve Single Barrel
349	우드포드 리저브	12.0		\N	t	2025-12-30 17:03:52.410919+09	2025-12-30 17:03:52.410934+09	11		0	Woodford Reserve
350	우드포드 리저브 더블 오크드	18.0		\N	t	2025-12-30 17:03:52.416751+09	2025-12-30 17:03:52.416766+09	11		0	Woodford Reserve Double Oaked
351	잭 다니엘	10.0		\N	t	2025-12-30 17:03:52.423108+09	2025-12-30 17:03:52.423181+09	11		0	Jack Daniel's
352	잭 다니엘 싱글배럴 셀렉트	28.0		\N	t	2025-12-30 17:03:52.429014+09	2025-12-30 17:03:52.435528+09	11		0	Jack Daniel's Single Barrel Barrel Strength
353	로완스 크릭	19.0		\N	t	2025-12-30 17:03:52.441913+09	2025-12-30 17:03:52.441928+09	11		0	Rowan's Creek
354	노아스 밀	20.0		\N	t	2025-12-30 17:03:52.448606+09	2025-12-30 17:03:52.448622+09	11		0	Noah's Mill
355	데이비스 카운티 까베네 쇼비뇽 캐스크	15.0		\N	t	2025-12-30 17:03:52.505677+09	2025-12-30 17:03:52.505692+09	11		0	Daviess County Cabernet Sauvignon Cask
356	데이비스 카운티 프렌치 캐스크	15.0		\N	t	2025-12-30 17:03:52.512578+09	2025-12-30 17:03:52.512593+09	11		0	Daviess County French Cask
357	짐 빔	5.0		\N	t	2025-12-30 17:03:52.518522+09	2025-12-30 17:03:52.518537+09	11		0	Jim Beam
358	납 크릭	10.0		\N	t	2025-12-30 17:03:52.52429+09	2025-12-30 17:03:52.524307+09	11		0	Knob Creek
359	베이커스	14.0		\N	t	2025-12-30 17:03:52.53013+09	2025-12-30 17:03:52.530173+09	11		0	Baker's
360	부커스	32.0		\N	t	2025-12-30 17:03:52.535956+09	2025-12-30 17:03:52.53597+09	11		0	Booker's
361	리뎀션 하이 라이	10.0		\N	t	2025-12-30 17:03:52.541695+09	2025-12-30 17:03:52.54171+09	11		0	Redemption High Rye
362	리뎀션 하이 라이 싱글 배럴 버번	13.0		\N	t	2025-12-30 17:03:52.547626+09	2025-12-30 17:03:52.547641+09	11		0	Redemption High Rye Single Barrel Bourbon
363	리뎀션 스트레이트 버번 꼬냑 캐스크 배치 1	23.0		\N	t	2025-12-30 17:03:52.608322+09	2025-12-30 17:03:52.608337+09	11		0	Redemption Straight Bourbon Conac Cask Batch 1
364	멜로우 콘	5.0		\N	t	2025-12-30 17:03:52.615227+09	2025-12-30 17:03:52.615256+09	11		0	Mellow Corn
365	불렛 버번	10.0		\N	t	2025-12-30 17:03:52.621807+09	2025-12-30 17:03:52.621823+09	11		0	Bulleit Bourbon
366	일라이저 크레이그 스몰 배치	10.0		\N	t	2025-12-30 17:03:52.629103+09	2025-12-30 17:03:52.629119+09	11		0	Elijah Craig Small Batch
367	포로지스 싱글 배럴	11.0		\N	t	2025-12-30 17:03:52.63559+09	2025-12-30 17:03:52.635605+09	11		0	Four Roses Single Barrel
368	엔젤스 엔비 포트	12.0		\N	t	2025-12-30 17:03:52.709376+09	2025-12-30 17:03:52.709392+09	11		0	Angel's Envy Port
369	래빗 홀	12.0		\N	t	2025-12-30 17:03:52.715472+09	2025-12-30 17:03:52.715488+09	11		0	Rabbit Hole
370	레드우드 엠파이어 버번	16.0		\N	t	2025-12-30 17:03:52.721634+09	2025-12-30 17:03:52.72165+09	11		0	RedWood Empire Bourbon
371	제임스 이 페퍼 1776 배럴프루프 버번	19.0		\N	t	2025-12-30 17:03:52.727675+09	2025-12-30 17:03:52.72769+09	11		0	James E Pepper 1776 Barrel Proof Bourbon
\.


--
-- Data for Name: menu_sitesettings; Type: TABLE DATA; Schema: public; Owner: bidbar_user
--

COPY public.menu_sitesettings (id, intro_image, created_at, updated_at, intro_video, menu_description_font, menu_name_en_font, menu_name_font, menu_price_font, menu_description_color, menu_name_color, menu_name_en_color, menu_price_color, side_image, menu_description_size, menu_name_en_size, menu_name_size, menu_price_size, menu_description_bold, menu_description_italic, menu_name_bold, menu_name_en_bold, menu_name_en_italic, menu_name_italic, menu_price_bold, menu_price_italic, category_name_font, category_name_color, category_name_size, category_name_bold, category_name_italic, category_name_en_font, category_name_en_color, category_name_en_size, category_name_en_bold, category_name_en_italic) FROM stdin;
1	site_images/intro_wzKThU4_wf0SdPk_zAZn6Bu_8xuvcUO_JbeH1EB_djE8BQA_1kqcQzu_WLK0kf8_aCIFiG_G5ceF68.jpg	2025-11-17 14:25:22.144+09	2025-12-17 19:29:01.039436+09	site_videos/bidbar_logoplay.mp4		fonts/JosefinSans-Bold.ttf		fonts/LEMONMILK-Regular.otf			#4c4c4c	#aaaaaa	site_images/side_PuzMYKm_YLzxm31_pOrX46B_TabtdLi_kQ4vFYo_CQDa7E1_BvkMsL8_7TJKSo5_4k85Dqe_uvm9yVp.png	13	34	0	25	f	f	f	t	f	t	f	f			32	f	f		#7e7e7e	20	t	f
\.


--
-- Name: auth_group_id_seq; Type: SEQUENCE SET; Schema: public; Owner: bidbar_user
--

SELECT pg_catalog.setval('public.auth_group_id_seq', 1, false);


--
-- Name: auth_group_permissions_id_seq; Type: SEQUENCE SET; Schema: public; Owner: bidbar_user
--

SELECT pg_catalog.setval('public.auth_group_permissions_id_seq', 1, false);


--
-- Name: auth_permission_id_seq; Type: SEQUENCE SET; Schema: public; Owner: bidbar_user
--

SELECT pg_catalog.setval('public.auth_permission_id_seq', 36, true);


--
-- Name: auth_user_groups_id_seq; Type: SEQUENCE SET; Schema: public; Owner: bidbar_user
--

SELECT pg_catalog.setval('public.auth_user_groups_id_seq', 1, false);


--
-- Name: auth_user_id_seq; Type: SEQUENCE SET; Schema: public; Owner: bidbar_user
--

SELECT pg_catalog.setval('public.auth_user_id_seq', 1, true);


--
-- Name: auth_user_user_permissions_id_seq; Type: SEQUENCE SET; Schema: public; Owner: bidbar_user
--

SELECT pg_catalog.setval('public.auth_user_user_permissions_id_seq', 1, false);


--
-- Name: django_admin_log_id_seq; Type: SEQUENCE SET; Schema: public; Owner: bidbar_user
--

SELECT pg_catalog.setval('public.django_admin_log_id_seq', 395, true);


--
-- Name: django_content_type_id_seq; Type: SEQUENCE SET; Schema: public; Owner: bidbar_user
--

SELECT pg_catalog.setval('public.django_content_type_id_seq', 9, true);


--
-- Name: django_migrations_id_seq; Type: SEQUENCE SET; Schema: public; Owner: bidbar_user
--

SELECT pg_catalog.setval('public.django_migrations_id_seq', 43, true);


--
-- Name: menu_category_id_seq; Type: SEQUENCE SET; Schema: public; Owner: bidbar_user
--

SELECT pg_catalog.setval('public.menu_category_id_seq', 28, true);


--
-- Name: menu_menuitem_id_seq; Type: SEQUENCE SET; Schema: public; Owner: bidbar_user
--

SELECT pg_catalog.setval('public.menu_menuitem_id_seq', 371, true);


--
-- Name: menu_sitesettings_id_seq; Type: SEQUENCE SET; Schema: public; Owner: bidbar_user
--

SELECT pg_catalog.setval('public.menu_sitesettings_id_seq', 1, true);


--
-- Name: auth_group auth_group_name_key; Type: CONSTRAINT; Schema: public; Owner: bidbar_user
--

ALTER TABLE ONLY public.auth_group
    ADD CONSTRAINT auth_group_name_key UNIQUE (name);


--
-- Name: auth_group_permissions auth_group_permissions_group_id_permission_id_0cd325b0_uniq; Type: CONSTRAINT; Schema: public; Owner: bidbar_user
--

ALTER TABLE ONLY public.auth_group_permissions
    ADD CONSTRAINT auth_group_permissions_group_id_permission_id_0cd325b0_uniq UNIQUE (group_id, permission_id);


--
-- Name: auth_group_permissions auth_group_permissions_pkey; Type: CONSTRAINT; Schema: public; Owner: bidbar_user
--

ALTER TABLE ONLY public.auth_group_permissions
    ADD CONSTRAINT auth_group_permissions_pkey PRIMARY KEY (id);


--
-- Name: auth_group auth_group_pkey; Type: CONSTRAINT; Schema: public; Owner: bidbar_user
--

ALTER TABLE ONLY public.auth_group
    ADD CONSTRAINT auth_group_pkey PRIMARY KEY (id);


--
-- Name: auth_permission auth_permission_content_type_id_codename_01ab375a_uniq; Type: CONSTRAINT; Schema: public; Owner: bidbar_user
--

ALTER TABLE ONLY public.auth_permission
    ADD CONSTRAINT auth_permission_content_type_id_codename_01ab375a_uniq UNIQUE (content_type_id, codename);


--
-- Name: auth_permission auth_permission_pkey; Type: CONSTRAINT; Schema: public; Owner: bidbar_user
--

ALTER TABLE ONLY public.auth_permission
    ADD CONSTRAINT auth_permission_pkey PRIMARY KEY (id);


--
-- Name: auth_user_groups auth_user_groups_pkey; Type: CONSTRAINT; Schema: public; Owner: bidbar_user
--

ALTER TABLE ONLY public.auth_user_groups
    ADD CONSTRAINT auth_user_groups_pkey PRIMARY KEY (id);


--
-- Name: auth_user_groups auth_user_groups_user_id_group_id_94350c0c_uniq; Type: CONSTRAINT; Schema: public; Owner: bidbar_user
--

ALTER TABLE ONLY public.auth_user_groups
    ADD CONSTRAINT auth_user_groups_user_id_group_id_94350c0c_uniq UNIQUE (user_id, group_id);


--
-- Name: auth_user auth_user_pkey; Type: CONSTRAINT; Schema: public; Owner: bidbar_user
--

ALTER TABLE ONLY public.auth_user
    ADD CONSTRAINT auth_user_pkey PRIMARY KEY (id);


--
-- Name: auth_user_user_permissions auth_user_user_permissions_pkey; Type: CONSTRAINT; Schema: public; Owner: bidbar_user
--

ALTER TABLE ONLY public.auth_user_user_permissions
    ADD CONSTRAINT auth_user_user_permissions_pkey PRIMARY KEY (id);


--
-- Name: auth_user_user_permissions auth_user_user_permissions_user_id_permission_id_14a6b632_uniq; Type: CONSTRAINT; Schema: public; Owner: bidbar_user
--

ALTER TABLE ONLY public.auth_user_user_permissions
    ADD CONSTRAINT auth_user_user_permissions_user_id_permission_id_14a6b632_uniq UNIQUE (user_id, permission_id);


--
-- Name: auth_user auth_user_username_key; Type: CONSTRAINT; Schema: public; Owner: bidbar_user
--

ALTER TABLE ONLY public.auth_user
    ADD CONSTRAINT auth_user_username_key UNIQUE (username);


--
-- Name: django_admin_log django_admin_log_pkey; Type: CONSTRAINT; Schema: public; Owner: bidbar_user
--

ALTER TABLE ONLY public.django_admin_log
    ADD CONSTRAINT django_admin_log_pkey PRIMARY KEY (id);


--
-- Name: django_content_type django_content_type_app_label_model_76bd3d3b_uniq; Type: CONSTRAINT; Schema: public; Owner: bidbar_user
--

ALTER TABLE ONLY public.django_content_type
    ADD CONSTRAINT django_content_type_app_label_model_76bd3d3b_uniq UNIQUE (app_label, model);


--
-- Name: django_content_type django_content_type_pkey; Type: CONSTRAINT; Schema: public; Owner: bidbar_user
--

ALTER TABLE ONLY public.django_content_type
    ADD CONSTRAINT django_content_type_pkey PRIMARY KEY (id);


--
-- Name: django_migrations django_migrations_pkey; Type: CONSTRAINT; Schema: public; Owner: bidbar_user
--

ALTER TABLE ONLY public.django_migrations
    ADD CONSTRAINT django_migrations_pkey PRIMARY KEY (id);


--
-- Name: django_session django_session_pkey; Type: CONSTRAINT; Schema: public; Owner: bidbar_user
--

ALTER TABLE ONLY public.django_session
    ADD CONSTRAINT django_session_pkey PRIMARY KEY (session_key);


--
-- Name: menu_category menu_category_pkey; Type: CONSTRAINT; Schema: public; Owner: bidbar_user
--

ALTER TABLE ONLY public.menu_category
    ADD CONSTRAINT menu_category_pkey PRIMARY KEY (id);


--
-- Name: menu_menuitem menu_menuitem_pkey; Type: CONSTRAINT; Schema: public; Owner: bidbar_user
--

ALTER TABLE ONLY public.menu_menuitem
    ADD CONSTRAINT menu_menuitem_pkey PRIMARY KEY (id);


--
-- Name: menu_sitesettings menu_sitesettings_pkey; Type: CONSTRAINT; Schema: public; Owner: bidbar_user
--

ALTER TABLE ONLY public.menu_sitesettings
    ADD CONSTRAINT menu_sitesettings_pkey PRIMARY KEY (id);


--
-- Name: auth_group_name_a6ea08ec_like; Type: INDEX; Schema: public; Owner: bidbar_user
--

CREATE INDEX auth_group_name_a6ea08ec_like ON public.auth_group USING btree (name varchar_pattern_ops);


--
-- Name: auth_group_permissions_group_id_b120cbf9; Type: INDEX; Schema: public; Owner: bidbar_user
--

CREATE INDEX auth_group_permissions_group_id_b120cbf9 ON public.auth_group_permissions USING btree (group_id);


--
-- Name: auth_group_permissions_permission_id_84c5c92e; Type: INDEX; Schema: public; Owner: bidbar_user
--

CREATE INDEX auth_group_permissions_permission_id_84c5c92e ON public.auth_group_permissions USING btree (permission_id);


--
-- Name: auth_permission_content_type_id_2f476e4b; Type: INDEX; Schema: public; Owner: bidbar_user
--

CREATE INDEX auth_permission_content_type_id_2f476e4b ON public.auth_permission USING btree (content_type_id);


--
-- Name: auth_user_groups_group_id_97559544; Type: INDEX; Schema: public; Owner: bidbar_user
--

CREATE INDEX auth_user_groups_group_id_97559544 ON public.auth_user_groups USING btree (group_id);


--
-- Name: auth_user_groups_user_id_6a12ed8b; Type: INDEX; Schema: public; Owner: bidbar_user
--

CREATE INDEX auth_user_groups_user_id_6a12ed8b ON public.auth_user_groups USING btree (user_id);


--
-- Name: auth_user_user_permissions_permission_id_1fbb5f2c; Type: INDEX; Schema: public; Owner: bidbar_user
--

CREATE INDEX auth_user_user_permissions_permission_id_1fbb5f2c ON public.auth_user_user_permissions USING btree (permission_id);


--
-- Name: auth_user_user_permissions_user_id_a95ead1b; Type: INDEX; Schema: public; Owner: bidbar_user
--

CREATE INDEX auth_user_user_permissions_user_id_a95ead1b ON public.auth_user_user_permissions USING btree (user_id);


--
-- Name: auth_user_username_6821ab7c_like; Type: INDEX; Schema: public; Owner: bidbar_user
--

CREATE INDEX auth_user_username_6821ab7c_like ON public.auth_user USING btree (username varchar_pattern_ops);


--
-- Name: django_admin_log_content_type_id_c4bce8eb; Type: INDEX; Schema: public; Owner: bidbar_user
--

CREATE INDEX django_admin_log_content_type_id_c4bce8eb ON public.django_admin_log USING btree (content_type_id);


--
-- Name: django_admin_log_user_id_c564eba6; Type: INDEX; Schema: public; Owner: bidbar_user
--

CREATE INDEX django_admin_log_user_id_c564eba6 ON public.django_admin_log USING btree (user_id);


--
-- Name: django_session_expire_date_a5c62663; Type: INDEX; Schema: public; Owner: bidbar_user
--

CREATE INDEX django_session_expire_date_a5c62663 ON public.django_session USING btree (expire_date);


--
-- Name: django_session_session_key_c0390e0f_like; Type: INDEX; Schema: public; Owner: bidbar_user
--

CREATE INDEX django_session_session_key_c0390e0f_like ON public.django_session USING btree (session_key varchar_pattern_ops);


--
-- Name: menu_category_parent_id_82b84bf3; Type: INDEX; Schema: public; Owner: bidbar_user
--

CREATE INDEX menu_category_parent_id_82b84bf3 ON public.menu_category USING btree (parent_id);


--
-- Name: menu_menuitem_category_id_af353a3b; Type: INDEX; Schema: public; Owner: bidbar_user
--

CREATE INDEX menu_menuitem_category_id_af353a3b ON public.menu_menuitem USING btree (category_id);


--
-- Name: auth_group_permissions auth_group_permissio_permission_id_84c5c92e_fk_auth_perm; Type: FK CONSTRAINT; Schema: public; Owner: bidbar_user
--

ALTER TABLE ONLY public.auth_group_permissions
    ADD CONSTRAINT auth_group_permissio_permission_id_84c5c92e_fk_auth_perm FOREIGN KEY (permission_id) REFERENCES public.auth_permission(id) DEFERRABLE INITIALLY DEFERRED;


--
-- Name: auth_group_permissions auth_group_permissions_group_id_b120cbf9_fk_auth_group_id; Type: FK CONSTRAINT; Schema: public; Owner: bidbar_user
--

ALTER TABLE ONLY public.auth_group_permissions
    ADD CONSTRAINT auth_group_permissions_group_id_b120cbf9_fk_auth_group_id FOREIGN KEY (group_id) REFERENCES public.auth_group(id) DEFERRABLE INITIALLY DEFERRED;


--
-- Name: auth_permission auth_permission_content_type_id_2f476e4b_fk_django_co; Type: FK CONSTRAINT; Schema: public; Owner: bidbar_user
--

ALTER TABLE ONLY public.auth_permission
    ADD CONSTRAINT auth_permission_content_type_id_2f476e4b_fk_django_co FOREIGN KEY (content_type_id) REFERENCES public.django_content_type(id) DEFERRABLE INITIALLY DEFERRED;


--
-- Name: auth_user_groups auth_user_groups_group_id_97559544_fk_auth_group_id; Type: FK CONSTRAINT; Schema: public; Owner: bidbar_user
--

ALTER TABLE ONLY public.auth_user_groups
    ADD CONSTRAINT auth_user_groups_group_id_97559544_fk_auth_group_id FOREIGN KEY (group_id) REFERENCES public.auth_group(id) DEFERRABLE INITIALLY DEFERRED;


--
-- Name: auth_user_groups auth_user_groups_user_id_6a12ed8b_fk_auth_user_id; Type: FK CONSTRAINT; Schema: public; Owner: bidbar_user
--

ALTER TABLE ONLY public.auth_user_groups
    ADD CONSTRAINT auth_user_groups_user_id_6a12ed8b_fk_auth_user_id FOREIGN KEY (user_id) REFERENCES public.auth_user(id) DEFERRABLE INITIALLY DEFERRED;


--
-- Name: auth_user_user_permissions auth_user_user_permi_permission_id_1fbb5f2c_fk_auth_perm; Type: FK CONSTRAINT; Schema: public; Owner: bidbar_user
--

ALTER TABLE ONLY public.auth_user_user_permissions
    ADD CONSTRAINT auth_user_user_permi_permission_id_1fbb5f2c_fk_auth_perm FOREIGN KEY (permission_id) REFERENCES public.auth_permission(id) DEFERRABLE INITIALLY DEFERRED;


--
-- Name: auth_user_user_permissions auth_user_user_permissions_user_id_a95ead1b_fk_auth_user_id; Type: FK CONSTRAINT; Schema: public; Owner: bidbar_user
--

ALTER TABLE ONLY public.auth_user_user_permissions
    ADD CONSTRAINT auth_user_user_permissions_user_id_a95ead1b_fk_auth_user_id FOREIGN KEY (user_id) REFERENCES public.auth_user(id) DEFERRABLE INITIALLY DEFERRED;


--
-- Name: django_admin_log django_admin_log_content_type_id_c4bce8eb_fk_django_co; Type: FK CONSTRAINT; Schema: public; Owner: bidbar_user
--

ALTER TABLE ONLY public.django_admin_log
    ADD CONSTRAINT django_admin_log_content_type_id_c4bce8eb_fk_django_co FOREIGN KEY (content_type_id) REFERENCES public.django_content_type(id) DEFERRABLE INITIALLY DEFERRED;


--
-- Name: django_admin_log django_admin_log_user_id_c564eba6_fk_auth_user_id; Type: FK CONSTRAINT; Schema: public; Owner: bidbar_user
--

ALTER TABLE ONLY public.django_admin_log
    ADD CONSTRAINT django_admin_log_user_id_c564eba6_fk_auth_user_id FOREIGN KEY (user_id) REFERENCES public.auth_user(id) DEFERRABLE INITIALLY DEFERRED;


--
-- Name: menu_category menu_category_parent_id_82b84bf3_fk_menu_category_id; Type: FK CONSTRAINT; Schema: public; Owner: bidbar_user
--

ALTER TABLE ONLY public.menu_category
    ADD CONSTRAINT menu_category_parent_id_82b84bf3_fk_menu_category_id FOREIGN KEY (parent_id) REFERENCES public.menu_category(id) DEFERRABLE INITIALLY DEFERRED;


--
-- Name: menu_menuitem menu_menuitem_category_id_af353a3b_fk_menu_category_id; Type: FK CONSTRAINT; Schema: public; Owner: bidbar_user
--

ALTER TABLE ONLY public.menu_menuitem
    ADD CONSTRAINT menu_menuitem_category_id_af353a3b_fk_menu_category_id FOREIGN KEY (category_id) REFERENCES public.menu_category(id) DEFERRABLE INITIALLY DEFERRED;


--
-- Name: SCHEMA public; Type: ACL; Schema: -; Owner: pg_database_owner
--

GRANT ALL ON SCHEMA public TO bidbar_user;


--
-- PostgreSQL database dump complete
--

\unrestrict k0szKfsenwWtXvxCjBSNhgbhUW7Q73kgxfP41G4uYg40N0MNziSlBGcgpzepSLm

